kind	path	source	size	sha256
archive	boneyards.hpi	-	460225	dfd87d26cc669b44ad39938c1637ac6af5e7447f550cc192841a9299a8eecc77
archive	boneyards2.hpi	-	48535	0c15b908c4c5a73a6c5e2ea0805d6116910041957c46d02b729d26f1f94d0e76
archive	data.hpi	-	51735874	3a489d9169af350db2153262421f503b9dfb89fded260e30e7e06eb72427c0d6
archive	english.hpi	-	5124645	d6812403790948981f034a03e3c25a5d8b0789a8ffda0bdb68e705c81787c6b5
archive	IPData.hpi	-	51012805	4c7fbe0a71c6ed8c4169681a5690e23f6129fe02ca663fa978acb3aa901a48d4
archive	IPEnglish.hpi	-	10543045	5c7242d783cace7f1ad6ad45fdc3323f9f0a9d2aa45903fb2df23de43331f168
archive	Jersey.hpi	-	67469	9a6f15b2537cf40219050f01427ff13b340925d820787a65c8bb26d86f87e37e
archive	meta.hpi	-	2105720	fe6d90d3603b854759a492aa07f0f3c93664cc6e90507c0b7404aedce5d8a147
archive	V2Rocket.hpi	-	486289	c8e1d3f0e40cb1b3f1b22a8b2f9088dd20f70af8771fa512aa67de4319639fca
archive	V3Rocket.hpi	-	2735599	2c071a66e2388a9c93ea859b6c635b8508d6d2c59e7b85815cd4a2261e3bc7a7
member	units/araarch.fbi	V3Rocket.hpi!units/araarch.fbi	1446	970b533e854ad475d42bfd50dcc4a9593f0a42f4cfa0b34c1e7d3a10496de034
member	units/araat.fbi	V3Rocket.hpi!units/araat.fbi	1324	c5d18b60745ef1207cfd78c8a67ff9357e34610f9ba85dd8c3f1df7859e84529
member	units/arabow.fbi	V3Rocket.hpi!units/arabow.fbi	2732	f8f31cedc230a9abae07c32c8fc859ca1c989e2814ef5f17ccea2790ba3df11f
member	units/arabroad.fbi	V3Rocket.hpi!units/arabroad.fbi	1310	4faff7ee615d126853197d9d219ef06f455d200f460d593cb52d32f98247e6dc
member	units/arabuild.fbi	V3Rocket.hpi!units/arabuild.fbi	1729	0357fceff8edb32193edc1d451ea8655c00c3d9934eeb0c88bec3ad3e122a923
member	units/aracan.fbi	V3Rocket.hpi!units/aracan.fbi	1626	8f7ca6fe6b59ddb4ab7f8e39335d88d92e7a16e5659d203d944c3dbf8e0dddad
member	units/aracastl.fbi	V3Rocket.hpi!units/aracastl.fbi	1062	0b67e5fa2b147aa47d79576bc8d82b6bc5ed6c5797071a07fc8509f24bd599e7
member	units/aradrag.fbi	V3Rocket.hpi!units/aradrag.fbi	3016	f61100a8763617710537583a2ceeca7267d6e32e75a54b281fea155121cb9c58
member	units/arafast.fbi	V3Rocket.hpi!units/arafast.fbi	1094	dfd18061e0f7e8997b1d2e087c6324136dc8096b9f4c7548386494ec9c794e9e
member	units/arafly.fbi	V3Rocket.hpi!units/arafly.fbi	1241	14087fd0d7bfbd2069b5207b21ffe961fd6161fe1bd6e22e4bd7614385e5dc15
member	units/aragod.fbi	V3Rocket.hpi!units/aragod.fbi	2021	108ac0bc1225265ed6e222e053b5c49a1f0067fcb08f5f836d4c49cacd6e0b3f
member	units/aragren.fbi	V3Rocket.hpi!units/aragren.fbi	3472	67241c79e95d7a3b4469d5ce2a117c46c0117715cfc3bc7f0d1571fb4fad2141
member	units/arakeep.fbi	V3Rocket.hpi!units/arakeep.fbi	1058	bd38526f40edaacb959009c95fb9266c1ba65e3016ba5745e2a14c556b98a0e7
member	units/araking.fbi	V3Rocket.hpi!units/araking.fbi	3109	9a498545ea60fc360186aeda6a8570d882c083c18b4755b8bc09fe379bdf08ba
member	units/araknigh.fbi	V3Rocket.hpi!units/araknigh.fbi	1254	b4bee2ac8075ccd01689795854d11470ccbc79cba535e50ed1995912dae284a7
member	units/aralode.fbi	V3Rocket.hpi!units/aralode.fbi	751	58af53e361df3349522669a56008665ee6a80a975d506a3da1088d37c3d0f447
member	units/aramana.fbi	V3Rocket.hpi!units/aramana.fbi	757	0ee5f4a947a30797b8dced42c005d0a8b8d63c35fc071f3c8950cf80d2d65e69
member	units/arangate.fbi	V3Rocket.hpi!units/arangate.fbi	865	1b3112ecfda6f30eb03943e9fb17d5ce131d88ec62cd37518120bd7353317e7c
member	units/aranull.fbi	V3Rocket.hpi!units/aranull.fbi	665	4890de636051878f533d4948b26ea1418290b8c54a82339a500c36020619da6e
member	units/arapal.fbi	V3Rocket.hpi!units/arapal.fbi	1282	25f6dd4036e506d87f10f39d5c85fefa5961e13dbb9af0558083916cc8660a68
member	units/araprie2.fbi	V3Rocket.hpi!units/araprie2.fbi	1286	9a5c2cae9b59fc5b6169e2fd88cad6a725ece00b0355a513a6a4e35ed48e49b6
member	units/arapries.fbi	V3Rocket.hpi!units/arapries.fbi	3245	0d2c738ca5d84022ade1e717ba97a25f3e568e4ea70e62535cc6d68a484db280
member	units/arapult.fbi	V3Rocket.hpi!units/arapult.fbi	1662	022764cdbe96fb3bc6d2ec2311587de04df20b824f6623f829a78cbb9b9d102b
member	units/arasiege.fbi	V3Rocket.hpi!units/arasiege.fbi	1776	ddeb4601b0d4edfe779ec2c47acfe195dbf270049caccba1a694c05cbbe12fd9
member	units/arasmith.fbi	V3Rocket.hpi!units/arasmith.fbi	1427	6df6cd47a06e5e4148cdbfde50faecf79d951a0175574686214bbb6bfcfd740d
member	units/araspy.fbi	V3Rocket.hpi!units/araspy.fbi	1664	47a89eb5205d990952f9341243f6a99f61662397acb4a0da68248b5735151945
member	units/arassh.fbi	V3Rocket.hpi!units/arassh.fbi	1288	d6622b96128139f5d6fff9e9645e0c4a279bd9f0dafcfbf51060a198e4a5cffb
member	units/arasword.fbi	V3Rocket.hpi!units/arasword.fbi	1298	4db4bd50de3d4896e18cb0672a3375d69474edbc5b26f982ddd5ed28914db8d8
member	units/aratrans.fbi	V3Rocket.hpi!units/aratrans.fbi	1493	b09713b8995e19a77277ac60a54c2f0dc31d8a757e6be91125e0c8d91f804d70
member	units/aratre.fbi	V3Rocket.hpi!units/aratre.fbi	1476	20663d71a53d4e0a607850c2dcf6b78edd3561cabc1a45e578ccf8c387100270
member	units/arawall.fbi	V3Rocket.hpi!units/arawall.fbi	706	dc8f3b92effd400f36b00e925e79719f075d8c55af36497524d5cdd8908f04f1
member	units/arawar.fbi	V3Rocket.hpi!units/arawar.fbi	1642	0b6f5886569ebf8cfcaee9699131436cb13d6dfba5a17e45f41f3e1eca46f4aa
member	units/creacad.fbi	IPData.hpi!units/creacad.fbi	1024	ca4ad5613edf13dfb2e631f004dda6d9de14da74ca71f14fe78e584e7f3bae68
member	units/creaeri.fbi	IPData.hpi!units/creaeri.fbi	2478	5ea49501f18f0bba9307653e6967db97a69809b3e434b43020d21cb59ec1ba0f
member	units/creauto.fbi	IPData.hpi!units/creauto.fbi	1311	5cbdf990226464fe792331ddaeb0699430f8622e1ea62f8d9184e339212d00b3
member	units/crebarn.fbi	IPData.hpi!units/crebarn.fbi	1073	e1466d17a2fd363671f78bce490365145fc13f42514dab8680656d3a20bac1c1
member	units/crebeas.fbi	IPData.hpi!units/crebeas.fbi	2010	cea25ac6b34671267f9d2a918e0ad57c225364d3229bfc915c2e8e1f1d724585
member	units/crebomb.fbi	IPData.hpi!units/crebomb.fbi	1517	0810f0cacf1e71827dc46ba6267bd4289ef298cdc8addef2a7b233ffe571ff48
member	units/crechie.fbi	IPData.hpi!units/crechie.fbi	3131	b8699ee616a9a4aebc7ec8823aa705458fc9c7231f851dddb346854e63cd5bce
member	units/credrag.fbi	IPData.hpi!units/credrag.fbi	3035	665cddfc946381ce440c042fd906cbba094f10c2797d666b807206371ede7674
member	units/crefire.fbi	IPData.hpi!units/crefire.fbi	1709	b27d626bab046f85bf0f504974d5e055d82669d640ea0d284167589d315df187
member	units/cregate.fbi	IPData.hpi!units/cregate.fbi	862	aeb0b613f3c57e90bb8022410cb3cdc182d6ae772ef20dc3b3cf2a836392c675
member	units/cregatl.fbi	IPData.hpi!units/cregatl.fbi	1176	acb47abba7dbb307cbee5273ae7e099a7d2422f449136f532a5f6e077f2c41a5
member	units/cregod.fbi	IPData.hpi!units/cregod.fbi	2618	da0c399dc0afb3a0d5ff45eefbc3e67ba3ef336d5d5f822b16e44a3b495d8935
member	units/creiron.fbi	IPData.hpi!units/creiron.fbi	2073	916c249c9c3ff5b819bdfaf573dd532129bce6463e2a0751145531bc10618f0e
member	units/crelode.fbi	IPData.hpi!units/crelode.fbi	796	68be715dc5fde283fddf0cbafa1ed959271b5be2a33599e68bd2b085ec64c94c
member	units/cremana.fbi	IPData.hpi!units/cremana.fbi	796	3f6e7c2f4935cdd930a444a2e4015df202625caa17bb1d34a3ba7151747b1851
member	units/cremech.fbi	IPData.hpi!units/cremech.fbi	2341	e6cacdc1e41e53379fc6eeefcfcf26712b601d3e45b6658277f5c70f58fef6ef
member	units/crenavy.fbi	IPData.hpi!units/crenavy.fbi	1045	046845d8b70be8f968fb5640f5f7b06bc6dc2df2656f1a05ddfd808841474849
member	units/crepris.fbi	IPData.hpi!units/crepris.fbi	1256	d6c297ec4429504c1caa991d4198ebc777e7dd6a5425f7508c63a0e22a11a849
member	units/cresage.fbi	IPData.hpi!units/cresage.fbi	3107	ac2ab32e57997d151028c4259812475db6bd70dc4416eed38112ff16d6c5c502
member	units/creshoc.fbi	IPData.hpi!units/creshoc.fbi	1796	41eb00a702a89651818adebca2a31ae58f5b1fb121261947131abd06cb2f8d14
member	units/cresmit.fbi	IPData.hpi!units/cresmit.fbi	992	5dac6b9a84e00149bbba4e8f828836627aad1dcd0b7ed209e126d57641e80ab2
member	units/crester.fbi	IPData.hpi!units/crester.fbi	1516	9a8fc4e9826492b09856b1ae17e7d16192273fc920cf3be990898016126c06ce
member	units/cresubm.fbi	IPData.hpi!units/cresubm.fbi	1562	72bd16160cdb11abf9b0f055c690c71f35826b07012e915e280c43ae1b18fbd4
member	units/cretort.fbi	IPData.hpi!units/cretort.fbi	1633	888c25d49b49148852a86fe6fa06ae7f5c635e8dd164e50b77cda0c764535213
member	units/crewall.fbi	IPData.hpi!units/crewall.fbi	699	ff7e21edb24f4a42b16ce9693862c1141c2e27d1fc79c19113c7dfe2d62b7a71
member	units/lifbird.fbi	V3Rocket.hpi!units/lifbird.fbi	1061	46935678a897db3a69045bd0d75a7e6f9e6ae58ceb5c310ecd6a44db5161660f
member	units/lifcow.fbi	V3Rocket.hpi!units/lifcow.fbi	1033	0d13a68510e3f410831a2d2abc088811f2341981cc346f121fc665e93ee36041
member	units/lifdeer.fbi	V3Rocket.hpi!units/lifdeer.fbi	1040	33317bff4b556560f9f185a6b56410d9df9613fe79590318c0a87a6b0d6aab83
member	units/lifdeer2.fbi	V3Rocket.hpi!units/lifdeer2.fbi	1039	03e6eb1268f39710ce605921fd3f9dfa4ae4d251bcc7f9b50119457ca23ef477
member	units/lifsaber.fbi	V3Rocket.hpi!units/lifsaber.fbi	1255	d1ee8380d4c03944b3a6436658d9b713b83b67ab86888cc451a979483303f039
member	units/lifwolf.fbi	V3Rocket.hpi!units/lifwolf.fbi	1258	a212993fd2e1075f4598e0e5a2bdc5de80e5aa7a0ac1a240a403e03411c6a0e4
member	units/monboar.fbi	V3Rocket.hpi!units/monboar.fbi	1242	08b2f803ba39301276138456d2ccbca038fe86662723d9ca410b48e63985e9fd
member	units/mondev.fbi	V3Rocket.hpi!units/mondev.fbi	1249	c72048e68e5ac78794c54aa2028f23d1cb9abc1d9607b1589e446e47cf517ab8
member	units/monelem.fbi	IPData.hpi!units/monelem.fbi	1480	9d39ed677c675008a5d7973e9e0dd41f941f102bbab73542d770ee95cfe42603
member	units/monghoul.fbi	V3Rocket.hpi!units/monghoul.fbi	1231	3e05307060bf7072116e82e3d49e380fce1b179482ae0fe1a173e8c74cfbdde8
member	units/monmum.fbi	IPData.hpi!units/monmum.fbi	1278	12db76f668f9ceba48b180c3c431ec0b2d7c6a0bcef2065191462bd48391379e
member	units/monpiran.fbi	V3Rocket.hpi!units/monpiran.fbi	1295	99dad752fc6664006e12cd930b8ca9c303a0c4fbcf4703f6e4172aacbb296c6d
member	units/npcalch.fbi	V3Rocket.hpi!units/npcalch.fbi	966	2ffba8c1d43123cdabb5f76745d96d6e4d6e1be9ecc62557f9657967e1f97db4
member	units/npcayla.fbi	V3Rocket.hpi!units/npcayla.fbi	1425	694816d5f7e482b2bc937f2098c12a287a08df01c91c90a272596182343e95fd
member	units/npcbeg.fbi	V3Rocket.hpi!units/npcbeg.fbi	1027	6f146d555af43b99b7b534b87450e0273675438e07ab063a4fa40b331a0bdc23
member	units/npcbeg2.fbi	V3Rocket.hpi!units/npcbeg2.fbi	1236	a242bda4aa96de929fc1fee445a7621d6194a13598d2d1f437eecbafca37611a
member	units/npcbotl.fbi	V3Rocket.hpi!units/npcbotl.fbi	1674	c8703a8fc4e7e64c4c2d82cfc45d06b01f1aec1a8dc1a6e13fac407cc935c563
member	units/npcburi.fbi	V3Rocket.hpi!units/npcburi.fbi	992	5133052031c6bb423c86767e3532ab8823afdab9b3874a1a631aad7cc691ccf4
member	units/npcdern.fbi	V3Rocket.hpi!units/npcdern.fbi	1245	a4e1277382f4bf30f288e90fd715d7989ca06d0bc5f68f28f7158c460ec894f2
member	units/npcduma.fbi	V3Rocket.hpi!units/npcduma.fbi	1001	75392fd0465a21f57ebd56cb3df91930dc06726961e1e480ba96dd7f7076a57a
member	units/npcemen.fbi	V3Rocket.hpi!units/npcemen.fbi	1234	db64e1e64d5fcdfb82fd407354ab6a8f1e8b4736b834f619bf10da93b70b143d
member	units/npcfarm.fbi	V3Rocket.hpi!units/npcfarm.fbi	1018	5f86adf595b5256c4df46ac2f50aa77dd9929c982667e6472373b0be34b580e1
member	units/npcfarm2.fbi	V3Rocket.hpi!units/npcfarm2.fbi	1224	4b4f7031d40ca92624c5df1d230cde98f0c923fc02d376a510da553a02de9482
member	units/npcflag.fbi	V3Rocket.hpi!units/npcflag.fbi	732	a33c94a1b6b3b5d78eac85592f2de1231aa08938bc0456db88b1570cd0b66d3f
member	units/npcheket.fbi	V3Rocket.hpi!units/npcheket.fbi	1622	5f29ceb13542b04c9ce3cbaf6c94466746fb7e8a87191396eb65738cc9894d4e
member	units/npchunt.fbi	V3Rocket.hpi!units/npchunt.fbi	1246	e6716a948d8041cdc9c8b719e755489756a2ddc760eccc1d43d6d1c28de88a75
member	units/npcjor.fbi	V3Rocket.hpi!units/npcjor.fbi	1214	0f87cb2883b2f96e55f6ed790cfc70b21b566de4e34ab0bf493af148cdb998ea
member	units/npcjor2.fbi	V3Rocket.hpi!units/npcjor2.fbi	1205	66dd2bc5fcad23707c8a3a039b7e4139c14d2f64c1c83381fb507224bf7f855c
member	units/npcleim.fbi	V3Rocket.hpi!units/npcleim.fbi	1260	1a386fb593370971290bbce754a798eab30ab32f79705109c7e54ad0606a3e3a
member	units/npcpeas.fbi	V3Rocket.hpi!units/npcpeas.fbi	1037	22c998a692ee91be70dcf230caf661233a8e5c67cc81a658b6807df12f9b6cd5
member	units/npcpeas2.fbi	V3Rocket.hpi!units/npcpeas2.fbi	1250	3bbf0f0890b6d9212aa8d98d16cb15929519008039aa33b1ee1518d3090baedb
member	units/npcpow1.fbi	V3Rocket.hpi!units/npcpow1.fbi	1033	71cc33af0690cfcf14e175f55346acc0335dcc34bcd91a82c19fb7807995fa4e
member	units/npcpow2.fbi	V3Rocket.hpi!units/npcpow2.fbi	1285	8db9d3ac12de00d3a97583c09f3e14c76efbec684590d59d502819376b851f64
member	units/npcref.fbi	V3Rocket.hpi!units/npcref.fbi	1033	a501e13e6ff8b6f63c7ac0e407041fe1d69aed8151a07e81d739d397fec23cdc
member	units/npcrixx.fbi	V3Rocket.hpi!units/npcrixx.fbi	1473	475538c3186ab36f70d6eb2b54a97c292e327090bcaeabeaaac156b1e99541f6
member	units/npcsail.fbi	V3Rocket.hpi!units/npcsail.fbi	1158	250f1ad25ecbc3d03c2ab7d414d3dc204ac92ad7a3d11bebc374d03b17ad1210
member	units/npcshop.fbi	V3Rocket.hpi!units/npcshop.fbi	1044	8d0d5b9c542a5b7840e2c82ad71ef87fd36d1dafcd00d9ab66c2717cb29455e9
member	units/npctemp.fbi	V3Rocket.hpi!units/npctemp.fbi	793	4407c601c99cdc2fd023fa84fa58f5d7fb968f3f3a6b143a10037c01430f3151
member	units/npctemp2.fbi	V3Rocket.hpi!units/npctemp2.fbi	679	08bf985cf4e514f55b8cbc64d1de8dee2733c8814ed6d65cadd3a700ea22cdb3
member	units/npcthesh.fbi	V3Rocket.hpi!units/npcthesh.fbi	675	d4e92f8687fe964e09de34d336d856faf14a0c485f3b41bc0cfef49895da47bc
member	units/npctribe.fbi	V3Rocket.hpi!units/npctribe.fbi	1261	39ce8e4b95bdfecc77bd80a9cfb2e35668f778d6cf762154f1c7cfeb7aa15e31
member	units/npcwagon.fbi	V3Rocket.hpi!units/npcwagon.fbi	1025	46f3cdd7d71e7110fc4ea37209b00f072efd2952b6674489f6b547f871a7e9e5
member	units/tarang.fbi	V3Rocket.hpi!units/tarang.fbi	2997	1d4cb9e26c9ba15d624b1a979ec72109d34c3b170b93e6b3becc980589b9eb06
member	units/tararch.fbi	V3Rocket.hpi!units/tararch.fbi	1457	17aa1f3a626b65306405a1f767415c4f26469b166ca8d70d38d4dadc5dc96b9c
member	units/tarbeak.fbi	V3Rocket.hpi!units/tarbeak.fbi	1661	e4febd12830ae45d448cc599ca6c5993baf63884473c8b60d023fc5baf1904f2
member	units/tarblack.fbi	V3Rocket.hpi!units/tarblack.fbi	1387	087ec353bf3e9abba74046ffc36d22b2b2e82e3efd2241de956254cd93507699
member	units/tarcage.fbi	V3Rocket.hpi!units/tarcage.fbi	1071	a91bc6aa494d96b3181baa16da835c06ed316ceefe63213895d03431ccf526d1
member	units/tarcan.fbi	V3Rocket.hpi!units/tarcan.fbi	1452	de957a7eab2e7c970503b8852029075a74a3518140fe7a59dce31a00c7c85e69
member	units/tarcastl.fbi	V3Rocket.hpi!units/tarcastl.fbi	1109	77440022277ae60b2b1c8745c9b693191bcb17b8cb832702131737a116a9ab92
member	units/tarcship.fbi	IPData.hpi!units/tarcship.fbi	1489	506c806ba42f7d6fc17931d6a774a918ff37f87f51647976ac9feeac7f681a2d
member	units/tardemon.fbi	V3Rocket.hpi!units/tardemon.fbi	1309	ec0ee240fcea8e714591c463443d76ef9d2c8bfb612d76b8b3adc3811fb26ad3
member	units/tardrag.fbi	V3Rocket.hpi!units/tardrag.fbi	3045	0a19c166d95c77b980919a2204cd2ad870f09577a80aa71ded8e4b4269b6d44d
member	units/tardung.fbi	V3Rocket.hpi!units/tardung.fbi	1087	1f5d3bed99f8642c10eef5574d1a5094331275a5ab14b7cd70aeacf716a7b786
member	units/tarfire.fbi	V3Rocket.hpi!units/tarfire.fbi	1434	e040d6f6d28cb09f9f513b94d89e3f81305b449dc19c80d95da427f314aa7007
member	units/targarg.fbi	V3Rocket.hpi!units/targarg.fbi	1185	71b09e2283a33bdd21fc061b7d6010e22afcbd49db531e35dbe704e32c1e57e4
member	units/targod.fbi	V3Rocket.hpi!units/targod.fbi	1928	636d84e77a2ada7b5c75a96b022cb63f9e81f669b9a479e8607c74df5c3eae5f
member	units/tarhand.fbi	V3Rocket.hpi!units/tarhand.fbi	1391	06f37d398810b5f6af2bc317f5e6b094cd5e822c2cb9cf3c595c2282c51755a2
member	units/tarhel.fbi	IPData.hpi!units/tarhel.fbi	2907	8c7fb067eba9b49460ddcdb2f6c4b21b4bf3ce301b63dd7be4fb12b99e39e4cf
member	units/tarhell.fbi	V3Rocket.hpi!units/tarhell.fbi	1102	28f13ef48df80607e455d0a17c9d9d210f2a8634569f4eba04d5d4f3c4f3532a
member	units/tarkam.fbi	V3Rocket.hpi!units/tarkam.fbi	1716	e03af12db2f3d7a2a05cf9a2d4c85094b7c30e13396a9e3f547b70a07c962407
member	units/tarknigh.fbi	V3Rocket.hpi!units/tarknigh.fbi	1565	64777c8708cf85248479b75b7c87d5ecf25401c07a72ccebaf7f0df93c016175
member	units/tarlich.fbi	V3Rocket.hpi!units/tarlich.fbi	1623	c2300186f97319b7976967053d4aebb3d6a721c7eb02235199f80340df943667
member	units/tarlode.fbi	V3Rocket.hpi!units/tarlode.fbi	748	301a391c3b774fadb32987cd6e67326a0a7ce5f074698a4716467238031c715b
member	units/tarmage.fbi	V3Rocket.hpi!units/tarmage.fbi	2599	3f624b8c7a0256a9d34a4bbb232442670f40c99918e65ab852c0267878649bb0
member	units/tarmana.fbi	V3Rocket.hpi!units/tarmana.fbi	760	4815e40989bd96f94c518ce73436278b3d6a18a4a5c10ba94b9e16dc2475d873
member	units/tarmind.fbi	V3Rocket.hpi!units/tarmind.fbi	2576	901ed786b7fe6b30a7cf4eaf48047fc2881dd315d56f4f641647aef802bc637b
member	units/tarnecr2.fbi	IPData.hpi!units/tarnecr2.fbi	1279	2d6590de64003c02c3cc2e06c4ab27c524608e6758f5f103e114fb3c1692a423
member	units/tarnecro.fbi	V3Rocket.hpi!units/tarnecro.fbi	3069	4ecef4b5fe8bada303b8476f0fec993fade32d48d8b813d6b5ea6b4091c2c48b
member	units/tarngate.fbi	V3Rocket.hpi!units/tarngate.fbi	841	d8000e710e8c1acb9d1a0f3738eb1e95cc199f129132c614e59894d91834e9b3
member	units/tarprie2.fbi	V3Rocket.hpi!units/tarprie2.fbi	3146	c1118b633b84ea40aeb180173973b07cfbda021b800a61126d640fc266d85085
member	units/tarpries.fbi	V3Rocket.hpi!units/tarpries.fbi	3174	218d76a2a2bab11ab9f60efd9e71986def71d3d6dcdaff3415b90219556a883a
member	units/tarsh.fbi	V3Rocket.hpi!units/tarsh.fbi	1233	79aa5e1544cd7c67e4f5b575dcd589e963999ee7acbe37e82e16112b4c3fe6f8
member	units/tarship.fbi	V3Rocket.hpi!units/tarship.fbi	1669	8838ce920874f96c20f1c96a36753f46bae46ade7c8977d514d7b1dd5e61ca25
member	units/tarspout.fbi	V3Rocket.hpi!units/tarspout.fbi	1492	bf97bf3d12a2ad5280c1b79af18e506cca94edbfb98d86c92aea2e3ac3e04b38
member	units/tartb.fbi	V3Rocket.hpi!units/tartb.fbi	1256	fb0bdfe552ad6a7041f67cf6f1cf8a81340fcb5b5578b8de8f8cfbda7bf185b2
member	units/tartroop.fbi	V3Rocket.hpi!units/tartroop.fbi	1305	f8323c7a2eff08081987ecb0e8618cb0877a91baf8122460c2de4ff804e5d56b
member	units/tarwall.fbi	V3Rocket.hpi!units/tarwall.fbi	731	c4c5375174f026150a6dac29b690932d3b5e8db8a0959d3e7fa09ae3f8ad9123
member	units/tarwitch.fbi	V3Rocket.hpi!units/tarwitch.fbi	2862	f46d6fb6f445b3a8b9881f5f8b883ee6de93c619fad9cf16f2a3ce789f4d117d
member	units/tarzom.fbi	V3Rocket.hpi!units/tarzom.fbi	1281	adcd7f66329224b61dd4b4c4c243a18a0c1925174aad32845af3a8f08290d0ff
member	units/verarch.fbi	V3Rocket.hpi!units/verarch.fbi	1407	485f38f41b65ad0d9d9fa50f4751769ba6d5ba7c1ba4454ce735502c433e2932
member	units/verasy.fbi	V3Rocket.hpi!units/verasy.fbi	1086	6cf965356966e51dd2cc3454f4e79411b8b7788c872ec171a08520906e9f99b5
member	units/verat.fbi	V3Rocket.hpi!units/verat.fbi	1348	f3551fa5374320a786b56678ee680b110870b28069dae2f65a69d40e0069721d
member	units/verbal.fbi	V3Rocket.hpi!units/verbal.fbi	1576	880a2b09c544c60d20425d4eb2e4f004843e9ee5fa5003de676d29aa0a0c70cb
member	units/verball.fbi	V3Rocket.hpi!units/verball.fbi	2261	4080ce0ce1475b086c3e7592986ce6ba05c5fa29662e2249d24bb0f6e7ef64da
member	units/verbers.fbi	V3Rocket.hpi!units/verbers.fbi	1310	56e8f9928bb3db70ba61d1f783f2aabc57ee9c8651b3656328338f7cdef6640d
member	units/vercastl.fbi	V3Rocket.hpi!units/vercastl.fbi	1158	189ddec82d64f5d3dafc175f5bd92400a9675e9ca8b6974eb747a7b3dc9833b9
member	units/vercen.fbi	V3Rocket.hpi!units/vercen.fbi	1405	8f8b272a59aade25a2429e766decb6611521433c8530d7fc670f05511b32e67e
member	units/vercrus.fbi	V3Rocket.hpi!units/vercrus.fbi	1299	6850e35a6746eaeddb7fb5948e5219ee0d5a96fc46966a0f5a9b6de655ccf97b
member	units/verdrag.fbi	V3Rocket.hpi!units/verdrag.fbi	3030	d4d541298950f7fc83cf89c3b18b4acb0613bac10e20a948fe49fce25b59a691
member	units/verflag.fbi	V3Rocket.hpi!units/verflag.fbi	1416	110d17a40dcdc241e46133088e7196688682f5fcdee02b7ebc6fee27e518d2df
member	units/verfltwr.fbi	V3Rocket.hpi!units/verfltwr.fbi	1214	ebbf236c1418a6e38376e17191c3e878bdbd37df6c5d450f6e0051ac60996446
member	units/vergod.fbi	V3Rocket.hpi!units/vergod.fbi	1938	ed4c0a82f9aa7ecfd06b6d61ca581f69be1b20c13ab87d07a1f60232726ef556
member	units/verharp.fbi	V3Rocket.hpi!units/verharp.fbi	1571	bd2b23c70a6e66377a1dbacf1f81942a4bcafe5f63471a433739f28f732d56da
member	units/verkeep.fbi	V3Rocket.hpi!units/verkeep.fbi	1037	b8412e51adc05e76453505db8be77c910f941e50e92b436d32e53cb48d5cac0a
member	units/verknigh.fbi	V3Rocket.hpi!units/verknigh.fbi	1461	4bc887cd052ab3518d924f62853e52b3ce6d806cb260f65d85fc71199ab51f89
member	units/verliege.fbi	V3Rocket.hpi!units/verliege.fbi	1295	fe9c947e963096e8dcec80e7ed835d7fd186b8dbb6f55f0eaf887263826e99cf
member	units/verlight.fbi	V3Rocket.hpi!units/verlight.fbi	1231	06d09d4d8d857f287fcc115cb2ad4a896b5e9d560f7619c3863a8431a19f1057
member	units/verlihr.fbi	V3Rocket.hpi!units/verlihr.fbi	1780	a2fcb99d81bcd778bd03b9a34c359e895c813be3181f7905f36fe2fc1d040049
member	units/verlode.fbi	V3Rocket.hpi!units/verlode.fbi	749	f38eb06ec40ad3ed0319ee891583558c167884540ac9f7a26fac558cebd621cd
member	units/vermage.fbi	V3Rocket.hpi!units/vermage.fbi	3001	aaf27a8c04fc5bf9927b14ddb4922fdc69aeabc5ab644f1653d49f98bc78f5bd
member	units/verman.fbi	V3Rocket.hpi!units/verman.fbi	1619	4b9644e22715948d02a71ca0a93206be224973f1b5f93a2e0abae5a78e67bb51
member	units/vermana.fbi	V3Rocket.hpi!units/vermana.fbi	760	3b1ebc2d49531cfb7205df323a4a0cf8dfacae301edee5b2c82f697b36dfca8e
member	units/vermer.fbi	V3Rocket.hpi!units/vermer.fbi	1368	0b487c6a2dc6d735fb4b0fda4e6504b2fde5adc67d02bb094e189e048e6c0a27
member	units/vermort.fbi	V3Rocket.hpi!units/vermort.fbi	1413	4fc7c5aacfb26379d08a3406628d31b5ab7bb7ed95965d7caea42a0536011f6e
member	units/vermusk.fbi	V3Rocket.hpi!units/vermusk.fbi	1444	ef87964db4d786b47178b9bdb3044da9d1b36a7e9949ea26b8b001771421c11a
member	units/verngate.fbi	V3Rocket.hpi!units/verngate.fbi	869	82eca58eee299e0f84bb8e2341a46f25ca337c8f12dde07fd3b443cb357f4186
member	units/verpar.fbi	V3Rocket.hpi!units/verpar.fbi	1088	a38ad5dda44d8df36154f787c9450b1704bed5e3c869562454a45fb5a7163a37
member	units/verpill.fbi	V3Rocket.hpi!units/verpill.fbi	910	c2bc6a400b578d4f57a82cd4bbf02f7fcba0b5adb0421ff6afb7fb433f7bb3ab
member	units/verpult.fbi	V3Rocket.hpi!units/verpult.fbi	1615	f6cfe068095dede80f988e04bad154bc3d8415ce50d62ec23643c4e9855f1b7c
member	units/verscout.fbi	V3Rocket.hpi!units/verscout.fbi	1435	cc7e1c0a28974e8d19e30a509825fd11868cf09ac42c74528ad160a46330fd9a
member	units/versword.fbi	V3Rocket.hpi!units/versword.fbi	1299	7f4810e9654b340ea871f1f0a8727f9feb2cf63f594a7b2c220ae0f83d6e08c9
member	units/vertower.fbi	V3Rocket.hpi!units/vertower.fbi	1286	104b8d20902146e2bdda5f573ecc4270aade8ca1a3bdeba2b71baa52a0c6cea6
member	units/vertrans.fbi	V3Rocket.hpi!units/vertrans.fbi	1438	dd055672dde782dcb858675fd16eabc957059e805365816aed95e64faa11f149
member	units/vertre.fbi	V3Rocket.hpi!units/vertre.fbi	1532	3a1a7d5e2556b4617dd156fe7b037dafca7216195a2b877d6b8a62a30d70c136
member	units/verwall.fbi	V3Rocket.hpi!units/verwall.fbi	742	3cc6e13e2885a81e32649843db7956defbbcf3b2f9578c0eaa487e5914abd670
member	units/zonamoe.fbi	V3Rocket.hpi!units/zonamoe.fbi	1369	bd4d51ded7ed9559d7daeaa8071774eeb16ea67d43b32fdbf4d168cc57faf9fb
member	units/zonbar.fbi	V3Rocket.hpi!units/zonbar.fbi	1297	1bc3fc6b47e36030ddc4397600428527791618b3b66cc6fe0942ca60595058dd
member	units/zonbasil.fbi	V3Rocket.hpi!units/zonbasil.fbi	1543	a4568aedc59a6bc3702e009fa88672c8d686c41f8ef129684b3847815f189904
member	units/zonbat.fbi	V3Rocket.hpi!units/zonbat.fbi	1138	20ed3ba9082e559563c5fc5c54d4d53dcb5766a14293d35e657e21a734e26527
member	units/zondrag.fbi	V3Rocket.hpi!units/zondrag.fbi	3001	debdc94e1e6ae2aa11df4d4f539321ff45c7d2dc97d51f9307f8a662e8881c85
member	units/zondrake.fbi	V3Rocket.hpi!units/zondrake.fbi	1542	4790d2137803c2691569c0af6b3d9025fcb4dc498aaa3204e828b08096f32c56
member	units/zonfire.fbi	V3Rocket.hpi!units/zonfire.fbi	863	f79466906beee7365cd81397a49fb7b31ece21bc32357f80325d1fdcea32b136
member	units/zonflies.fbi	V3Rocket.hpi!units/zonflies.fbi	1674	d9cb4ce16df4be11b1cd7847fccd74e0afc977952baa9a406e44d0764bfb8254
member	units/zongiant.fbi	V3Rocket.hpi!units/zongiant.fbi	1535	115c5ec87d0ea6da7d879b52f9ab1d2f4ba4017b961d4bbeddd55dbfbb658171
member	units/zonglyph.fbi	V3Rocket.hpi!units/zonglyph.fbi	1200	f9fe36d56f138d6aac3edcf357c3d037277b947170bf1604f5e1dc44720607d6
member	units/zongob.fbi	V3Rocket.hpi!units/zongob.fbi	1275	3fba278bfd6a624da6b87d1d7a129003397f8d77b3072330ce873322e85e4098
member	units/zongod.fbi	V3Rocket.hpi!units/zongod.fbi	1649	278647bb24ead2364bf769e20d11f25e2db62fc41f48d18246895deb5fecc096
member	units/zongryp.fbi	V3Rocket.hpi!units/zongryp.fbi	1472	81b933f4f8ac4d44a1cdd669261b09f5fa7227d0d4b762ef0828a7ee21a9971f
member	units/zonhand.fbi	V3Rocket.hpi!units/zonhand.fbi	1423	8da3bd0c68565706c91fdc4d1054275a2359d5b2454fc1ec3f6781235cee5068
member	units/zonharp.fbi	V3Rocket.hpi!units/zonharp.fbi	1731	7141b0a477bbbf4a2cd55350bc1cdd79c4bbc0cccc55cf432c74c2684aa85a5e
member	units/zonhunt.fbi	V3Rocket.hpi!units/zonhunt.fbi	3169	71ad2e0bb615e0ecef87cabeafe05515ae37a0b860159cb85a7376f85f06d1a2
member	units/zonhurt.fbi	V3Rocket.hpi!units/zonhurt.fbi	3054	5c929ee385aa2e8b51331fdf604f61c408e2618b0d536881591d2010409cc996
member	units/zonkrak.fbi	V3Rocket.hpi!units/zonkrak.fbi	1359	0cd8531d9d7d975092f0c3d8ed306c16361df4a7c0a170f0f589a256055a7704
member	units/zonlode.fbi	V3Rocket.hpi!units/zonlode.fbi	730	9dca05a8c42ef9d0ad53db0879fab19c1552b662af82add8547a0bd0d2406d39
member	units/zonlord.fbi	V3Rocket.hpi!units/zonlord.fbi	1652	51b6f0d1a1d4141ea24ded27d528a1e2e0770e549a04a1e15141b2d22dcf67e1
member	units/zonmana.fbi	V3Rocket.hpi!units/zonmana.fbi	741	a79752ce0acd4751150c36e5741acb3024f75eaafdf72cf120155fea8d929559
member	units/zonorc.fbi	V3Rocket.hpi!units/zonorc.fbi	1284	a2d48afe200b83e439bbbfca3684642c9f6690e233bd89da4a5f454b5eaf3ae9
member	units/zonroc.fbi	V3Rocket.hpi!units/zonroc.fbi	1309	48bf0ab090d6847950ffb5fcb6d77fe40795c95500c8858b072af55e00e4c7ae
member	units/zonsham.fbi	V3Rocket.hpi!units/zonsham.fbi	1890	c367fcbbf4cadd26a42d66c8d07dd0c3f0701bcbbff175d394365b13a7a7dd1b
member	units/zonspide.fbi	IPData.hpi!units/zonspide.fbi	1330	8f36f7b407b6c1e312da5c6da92422d4adaa86d0dd19f508aaf31ee0b0605c8a
member	units/zonswamp.fbi	V3Rocket.hpi!units/zonswamp.fbi	1311	10ac7a7e272c71ef220eea0e81adb229a5317af444f54d63509d6256acb08291
member	units/zonter.fbi	V3Rocket.hpi!units/zonter.fbi	1422	4d51ef52a91d07ab177824ed3a0d73724dd27bbe0b377a401c36e45f86b09eb2
member	units/zontrain.fbi	V3Rocket.hpi!units/zontrain.fbi	1345	911dcdf7d448aba7bbc7be9e3b642bacf64c0aa55e6ec3802f0aa1249d2ed5c2
member	units/zontroll.fbi	V3Rocket.hpi!units/zontroll.fbi	1288	b4e18679252099cbedea3caed51dca955509eba5811ce43751f4c7a1490a9752
member	units/zonwolf.fbi	V3Rocket.hpi!units/zonwolf.fbi	1415	f24185e051ca60ef037da2dca491207240dfe24aac15787ff1563fd9914ad224
member	units/zonwolf2.fbi	V3Rocket.hpi!units/zonwolf2.fbi	1275	fc7adb09df208abf7b1510a5f81ebea9034579af9f0b599cd40421e4a7adee32
member	unitscb/araarch.fbi	V3Rocket.hpi!unitscb/araarch.fbi	1542	140e036bce25ed4b4ea3da723925e63646383e2c8c985a4cc0939961f2d3d441
member	unitscb/araat.fbi	V3Rocket.hpi!unitscb/araat.fbi	1582	e24b7518aa60cc5424c1d768fcee2d4cac21cf5e398cee0c96fa4417923e761a
member	unitscb/arabow.fbi	V3Rocket.hpi!unitscb/arabow.fbi	2661	29a4cf03fc2d5d498225729c619189e834784ccdef617ec1f9831fb48407fb4b
member	unitscb/arabroad.fbi	V3Rocket.hpi!unitscb/arabroad.fbi	1327	240f7ecc96738085fabc376f9fd619a378f006889baa38a52d764f098b488a95
member	unitscb/arabuild.fbi	V3Rocket.hpi!unitscb/arabuild.fbi	1751	6d74ef9605f096415dca74a83217941b0f8458203f2e295830011ad5ba87491f
member	unitscb/aracan.fbi	V3Rocket.hpi!unitscb/aracan.fbi	1689	dc1e2825bdcdc1ec09ffa812acd436ea1460da1b81887bcaaece7b7b32f3f2ec
member	unitscb/aracastl.fbi	V3Rocket.hpi!unitscb/aracastl.fbi	1084	3f26300a2504d2f8dc807f77ff241ac54b16ce71a742ed022c71b81554968e3c
member	unitscb/aradrag.fbi	V3Rocket.hpi!unitscb/aradrag.fbi	3019	568b39481c9e5a033d122edf4a8eedf1e2eefe017495b503fef2b1bae280948f
member	unitscb/arafast.fbi	V3Rocket.hpi!unitscb/arafast.fbi	1094	dfd18061e0f7e8997b1d2e087c6324136dc8096b9f4c7548386494ec9c794e9e
member	unitscb/arafly.fbi	V3Rocket.hpi!unitscb/arafly.fbi	1244	5423eedac0cebb54ec3b615a9505ebef89c8daf0c43e0c74cc52a5b4cc7359b4
member	unitscb/aragod.fbi	V3Rocket.hpi!unitscb/aragod.fbi	1937	c6693cec185b747e7a9293ea086e0b9b2c1854a7313bf906bf693e6a9dda356c
member	unitscb/aragren.fbi	V3Rocket.hpi!unitscb/aragren.fbi	3523	7af6f3d71dd83b8170d6003ec3435ce1e5113aad80c24e6d73f6be46f4f5a094
member	unitscb/arakeep.fbi	V3Rocket.hpi!unitscb/arakeep.fbi	1080	7c33af433cef0db51540e5b63f0853ef2323a01db6fb7b66c19ce537ae869707
member	unitscb/araking.fbi	V3Rocket.hpi!unitscb/araking.fbi	3202	b28ab2289d83a330d1af056d8c3eb60f441039625a302006928626523cc3cc59
member	unitscb/araknigh.fbi	V3Rocket.hpi!unitscb/araknigh.fbi	1328	314a10086b67bbe3125ea73d24a8e1a12551cce405b93cb7ecbdde477bc2479b
member	unitscb/aralode.fbi	V3Rocket.hpi!unitscb/aralode.fbi	773	158a73c4a7162f2d9c07d0971761db481dfd1ea821a0bb315889939d17a04ad0
member	unitscb/aramana.fbi	V3Rocket.hpi!unitscb/aramana.fbi	778	f1cc1116fc3a3be23049d7f63e510c5cefe6d28ff74e4dc534b8c480c2a59f43
member	unitscb/arangate.fbi	V3Rocket.hpi!unitscb/arangate.fbi	887	7a12dee83c46c67e992af1e0ca1fd1e7c9eaa99d24457b167bf3ed3048ef7873
member	unitscb/aranull.fbi	V3Rocket.hpi!unitscb/aranull.fbi	645	7da390d4a0e20fa202ee70a73c37562b268f748bd1c31ab8f5b86d9ae375f870
member	unitscb/arapal.fbi	V3Rocket.hpi!unitscb/arapal.fbi	1288	6bd99db9705fef9c8d1019ff3bd5bc2da640c66413462e9ac7092ed9f6995000
member	unitscb/araprie2.fbi	V3Rocket.hpi!unitscb/araprie2.fbi	1291	a7dcaa128d3f1776f2102798f384f24cdc03a1639d02fae3a47d9c953bae445a
member	unitscb/arapries.fbi	V3Rocket.hpi!unitscb/arapries.fbi	3246	f6113e01bf10a425a3cfaaadfeeea4436407f4072389d250d513cbe7a4636111
member	unitscb/arapult.fbi	V3Rocket.hpi!unitscb/arapult.fbi	1719	46ce5364530946c004b6d65b713befcc5fc6c9a113b39b2ce9b1ac39d3b97889
member	unitscb/arasiege.fbi	V3Rocket.hpi!unitscb/arasiege.fbi	2047	d8c79020c6674a1d23a33fbef5d78cd7e5e61b97c9686ebb0da45ffafe4b55ba
member	unitscb/arasmith.fbi	V3Rocket.hpi!unitscb/arasmith.fbi	1497	6ad3342c6842585f8888c94b9af7b203c5dc3e94fe7b5e28e1deebecf6028489
member	unitscb/araspy.fbi	V3Rocket.hpi!unitscb/araspy.fbi	1695	6feab1b34d459a099230d16f26681d09c4e1a0050810b55d191a019a3a37f36e
member	unitscb/arassh.fbi	V3Rocket.hpi!unitscb/arassh.fbi	1326	62175ca323d783394c251fa97aaa0a6555650a6572c4910719d962348d24fb18
member	unitscb/arasword.fbi	V3Rocket.hpi!unitscb/arasword.fbi	1370	fafd2a72cac42d01dccba73915f45d13f99f498991b8deba8650d0ee6619edcd
member	unitscb/aratrans.fbi	V3Rocket.hpi!unitscb/aratrans.fbi	1628	9d1dda869c5aa419079522a713b1ed0f0d1da087f17c0031eb2d574da47c4010
member	unitscb/aratre.fbi	V3Rocket.hpi!unitscb/aratre.fbi	1498	b092e3c033882cf919b99f238e501037849a7ed3065b00bde4114287edd2f3e6
member	unitscb/arawall.fbi	V3Rocket.hpi!unitscb/arawall.fbi	696	c64ea983de73902b96bcd631483a58dd994b79426c96c5fb2e6abecb0edca4f6
member	unitscb/arawar.fbi	V3Rocket.hpi!unitscb/arawar.fbi	2014	3cb667f757c87622d31dae2aff38b928cc36967b5ea44adeb68bb8ccec67aa8c
member	unitscb/creacad.fbi	IPData.hpi!unitscb/creacad.fbi	1024	230693c9a543fb45cb5fc6afff79312fc99f94ba38ba1d0f320e0288757e9237
member	unitscb/creaeri.fbi	IPData.hpi!unitscb/creaeri.fbi	2608	45687a75e702224f3e7ef3a18e6921f21070335f6d496a6f2ad7eab60f17f16b
member	unitscb/creauto.fbi	IPData.hpi!unitscb/creauto.fbi	1385	98cef8ed686409afdbc8ede45dffb3556b1588dcc73120012cc4434cb99369f5
member	unitscb/crebarn.fbi	IPData.hpi!unitscb/crebarn.fbi	1101	9c1dac2e5b2e11aede6823e041cb361698db255801a01279cd1901ff3a18c539
member	unitscb/crebeas.fbi	IPData.hpi!unitscb/crebeas.fbi	2062	cc772736381cd504a86362357016cb9a7e550364581e7c60695c8bc6dbf1f073
member	unitscb/crebomb.fbi	IPData.hpi!unitscb/crebomb.fbi	1546	40f97ae1acc43b1bd593c3388f144de8a1f59ae7668b61e6bdb84db047e93e84
member	unitscb/crechie.fbi	IPData.hpi!unitscb/crechie.fbi	3114	4747af1a08748b758ba42a5f25ebbde0bf9061222dd1ee1529e15add6bca05cf
member	unitscb/credrag.fbi	IPData.hpi!unitscb/credrag.fbi	3003	f75793d9fbf8cfd90ddf35625f07f9ad8e78d73c675a4cbe8e96092279696c6d
member	unitscb/crefire.fbi	IPData.hpi!unitscb/crefire.fbi	1459	a7395129a2c33f273595f29933e5f3084f33aaacf58b9b760ad001d062341dbf
member	unitscb/cregate.fbi	IPData.hpi!unitscb/cregate.fbi	890	b3ff2447222f4d8424fc52947d3eebf78d37e8d80189cb2dd499c08e969e25f2
member	unitscb/cregatl.fbi	IPData.hpi!unitscb/cregatl.fbi	1275	f38b2ac80e39a1c37387b5c269edd0d95fda7f2f06b16b5435eac54125d54097
member	unitscb/cregod.fbi	IPData.hpi!unitscb/cregod.fbi	2615	180d8cdf069324da9dbf4fabc10206b994bd12ba0083ce907f42db87b06291aa
member	unitscb/creiron.fbi	IPData.hpi!unitscb/creiron.fbi	2066	edf877b399a5f9a163f1887bb8000efaf942056bae11c5bb6c6810aefcfd00ba
member	unitscb/crelode.fbi	IPData.hpi!unitscb/crelode.fbi	796	68be715dc5fde283fddf0cbafa1ed959271b5be2a33599e68bd2b085ec64c94c
member	unitscb/cremana.fbi	IPData.hpi!unitscb/cremana.fbi	795	428ccc88c88abc08e3c5266855b0b445b65b40438d20aba4e6e2831150b9180d
member	unitscb/cremech.fbi	IPData.hpi!unitscb/cremech.fbi	2394	97be24f829e322b62d0622ba60629ad7a6d4d6bb6bc12a2a143339c605c23bb7
member	unitscb/crenavy.fbi	IPData.hpi!unitscb/crenavy.fbi	1043	c69ad5c1068b1930f98b96c63995026662468b563afbccfb88fcee7ea28c39ce
member	unitscb/crepris.fbi	IPData.hpi!unitscb/crepris.fbi	1280	4d4b7e653b96e6c3832084ca0cf61daf644e2deca87bba69e2bda7b4d56d8508
member	unitscb/cresage.fbi	IPData.hpi!unitscb/cresage.fbi	3178	83bc4f8b751f1a2f10808b690cc8fa226e77ae3c0904efd801346ae4b3616af6
member	unitscb/creshoc.fbi	IPData.hpi!unitscb/creshoc.fbi	1816	87a44ebb74ee408f6f3110bcf30e389f36ce2e590c7c85d7deac1c57815024e6
member	unitscb/cresmit.fbi	IPData.hpi!unitscb/cresmit.fbi	993	1211ca88699ea8e8c3b31b72b8bea998860f2e0b4cb526d273c64514900fd56d
member	unitscb/crester.fbi	IPData.hpi!unitscb/crester.fbi	1535	6796482ac223f18f2607d52f2d67f9766e087af6e53e55539eb84485838d525b
member	unitscb/cresubm.fbi	IPData.hpi!unitscb/cresubm.fbi	1579	93ab502d2684c417a11bd7d14d3810a4057a92961af4597a3cd50aa3e51a6701
member	unitscb/cretort.fbi	IPData.hpi!unitscb/cretort.fbi	1635	133a79b1eeebe2bcc10ba5faa508454c7d6e49f2ca067cda93a648a7324a4906
member	unitscb/crewall.fbi	IPData.hpi!unitscb/crewall.fbi	694	ef3438951bec71ffa1832f11e8905eb783f9401cfd3972c772374be9fa5b21cb
member	unitscb/lifbird.fbi	V3Rocket.hpi!unitscb/lifbird.fbi	1061	46935678a897db3a69045bd0d75a7e6f9e6ae58ceb5c310ecd6a44db5161660f
member	unitscb/lifcow.fbi	V3Rocket.hpi!unitscb/lifcow.fbi	1033	0d13a68510e3f410831a2d2abc088811f2341981cc346f121fc665e93ee36041
member	unitscb/lifdeer.fbi	V3Rocket.hpi!unitscb/lifdeer.fbi	1042	003c2beb8a5d29f710a92749fb0ff87fd33b0f8af701db95f76cc3f5bcd47079
member	unitscb/lifdeer2.fbi	V3Rocket.hpi!unitscb/lifdeer2.fbi	1040	9ff34f77388d93d9180c1518b96af017b8efb6b533fe1970f5fcbf9187b3e081
member	unitscb/lifsaber.fbi	V3Rocket.hpi!unitscb/lifsaber.fbi	1255	1b6a6c2da63b5e8f8188eff7097a2ab02e320f11173210948726f637f7e2a3cf
member	unitscb/lifwolf.fbi	V3Rocket.hpi!unitscb/lifwolf.fbi	1258	fac0dfc913a2ae3ad624eecbe739248c3046a1633249ce7052d079a6e0f67ef3
member	unitscb/monboar.fbi	V3Rocket.hpi!unitscb/monboar.fbi	1242	045286e5d6528380153edda5029a98c3c0551e2a19d307d1baa62854a3ec490b
member	unitscb/mondev.fbi	V3Rocket.hpi!unitscb/mondev.fbi	1248	517d57467425a9e1085949853b9648755e1aa399c211c6597b32634fde2719dc
member	unitscb/monghoul.fbi	V3Rocket.hpi!unitscb/monghoul.fbi	1258	e1cc8d90e754d6d306de9c504f46c2d3b3c6594adf07e01448ad35dc96574bdd
member	unitscb/monpiran.fbi	V3Rocket.hpi!unitscb/monpiran.fbi	1295	1a67901c9cb959cf5d41d855b65817c77ded930590276dead9abf5e844a7b92e
member	unitscb/npcalch.fbi	V3Rocket.hpi!unitscb/npcalch.fbi	966	2ffba8c1d43123cdabb5f76745d96d6e4d6e1be9ecc62557f9657967e1f97db4
member	unitscb/npcayla.fbi	V3Rocket.hpi!unitscb/npcayla.fbi	1425	694816d5f7e482b2bc937f2098c12a287a08df01c91c90a272596182343e95fd
member	unitscb/npcbeg.fbi	V3Rocket.hpi!unitscb/npcbeg.fbi	1027	6f146d555af43b99b7b534b87450e0273675438e07ab063a4fa40b331a0bdc23
member	unitscb/npcbeg2.fbi	V3Rocket.hpi!unitscb/npcbeg2.fbi	1235	4be723fcfc4831e581f12d0884e3f474343f4b1dd4117b305333bd8a8b6638c2
member	unitscb/npcbotl.fbi	V3Rocket.hpi!unitscb/npcbotl.fbi	1674	c8703a8fc4e7e64c4c2d82cfc45d06b01f1aec1a8dc1a6e13fac407cc935c563
member	unitscb/npcburi.fbi	V3Rocket.hpi!unitscb/npcburi.fbi	992	5133052031c6bb423c86767e3532ab8823afdab9b3874a1a631aad7cc691ccf4
member	unitscb/npcdern.fbi	V3Rocket.hpi!unitscb/npcdern.fbi	1245	a4e1277382f4bf30f288e90fd715d7989ca06d0bc5f68f28f7158c460ec894f2
member	unitscb/npcduma.fbi	V3Rocket.hpi!unitscb/npcduma.fbi	1001	75392fd0465a21f57ebd56cb3df91930dc06726961e1e480ba96dd7f7076a57a
member	unitscb/npcemen.fbi	V3Rocket.hpi!unitscb/npcemen.fbi	1233	9eda372a3ecc198e5a6d461034cbf4aa40004253504bfced610f1f46b6da972f
member	unitscb/npcfarm.fbi	V3Rocket.hpi!unitscb/npcfarm.fbi	1018	5f86adf595b5256c4df46ac2f50aa77dd9929c982667e6472373b0be34b580e1
member	unitscb/npcfarm2.fbi	V3Rocket.hpi!unitscb/npcfarm2.fbi	1223	10a9956fc75f7421d93b63e9f6e11bb601d7bbd19d7cccd698ba92832c66a9a0
member	unitscb/npcflag.fbi	V3Rocket.hpi!unitscb/npcflag.fbi	732	a33c94a1b6b3b5d78eac85592f2de1231aa08938bc0456db88b1570cd0b66d3f
member	unitscb/npcheket.fbi	V3Rocket.hpi!unitscb/npcheket.fbi	1622	5f29ceb13542b04c9ce3cbaf6c94466746fb7e8a87191396eb65738cc9894d4e
member	unitscb/npchunt.fbi	V3Rocket.hpi!unitscb/npchunt.fbi	1245	e58f079a5dba3a48ab1a3a154c36910efc114d3c889f6e34f273374c4877b380
member	unitscb/npcjor.fbi	V3Rocket.hpi!unitscb/npcjor.fbi	1214	0f87cb2883b2f96e55f6ed790cfc70b21b566de4e34ab0bf493af148cdb998ea
member	unitscb/npcjor2.fbi	V3Rocket.hpi!unitscb/npcjor2.fbi	1205	66dd2bc5fcad23707c8a3a039b7e4139c14d2f64c1c83381fb507224bf7f855c
member	unitscb/npcleim.fbi	V3Rocket.hpi!unitscb/npcleim.fbi	1259	314f1ae33b7e41f7fd1da93606889698c68d3cf3cb2639b907a593d99baabe92
member	unitscb/npcpeas.fbi	V3Rocket.hpi!unitscb/npcpeas.fbi	1037	22c998a692ee91be70dcf230caf661233a8e5c67cc81a658b6807df12f9b6cd5
member	unitscb/npcpeas2.fbi	V3Rocket.hpi!unitscb/npcpeas2.fbi	1249	dee1596c73d848976a68a9233e654ca6d89074e72662d2012ecd298101df150b
member	unitscb/npcpow1.fbi	V3Rocket.hpi!unitscb/npcpow1.fbi	1033	71cc33af0690cfcf14e175f55346acc0335dcc34bcd91a82c19fb7807995fa4e
member	unitscb/npcpow2.fbi	V3Rocket.hpi!unitscb/npcpow2.fbi	1289	6e66bcadb3ce6e71aad84106918b4489b651b8807b8c5e342cdcc0fc851be49f
member	unitscb/npcref.fbi	V3Rocket.hpi!unitscb/npcref.fbi	1033	a501e13e6ff8b6f63c7ac0e407041fe1d69aed8151a07e81d739d397fec23cdc
member	unitscb/npcrixx.fbi	V3Rocket.hpi!unitscb/npcrixx.fbi	1473	d9c5672a0f816c2aefef256183c3399de4dfc3d81736c57b90386a5edbbe0f36
member	unitscb/npcsail.fbi	V3Rocket.hpi!unitscb/npcsail.fbi	1157	32d60d15c957efd1ca70e2fb350fb890780aec4e83cfad86317d8f06d6085754
member	unitscb/npcshop.fbi	V3Rocket.hpi!unitscb/npcshop.fbi	1044	8d0d5b9c542a5b7840e2c82ad71ef87fd36d1dafcd00d9ab66c2717cb29455e9
member	unitscb/npctemp.fbi	V3Rocket.hpi!unitscb/npctemp.fbi	793	4407c601c99cdc2fd023fa84fa58f5d7fb968f3f3a6b143a10037c01430f3151
member	unitscb/npctemp2.fbi	V3Rocket.hpi!unitscb/npctemp2.fbi	679	08bf985cf4e514f55b8cbc64d1de8dee2733c8814ed6d65cadd3a700ea22cdb3
member	unitscb/npcthesh.fbi	V3Rocket.hpi!unitscb/npcthesh.fbi	675	d4e92f8687fe964e09de34d336d856faf14a0c485f3b41bc0cfef49895da47bc
member	unitscb/npctribe.fbi	V3Rocket.hpi!unitscb/npctribe.fbi	1260	48428e672e82e803a7f6d529f7f3bd6339e613eaa5153c3f926fc5fac386db72
member	unitscb/npcwagon.fbi	V3Rocket.hpi!unitscb/npcwagon.fbi	1032	a75ee23786c761c01a2c57759cd1792c9ff0f0eb771be1a495de380ca10880f4
member	unitscb/tarang.fbi	V3Rocket.hpi!unitscb/tarang.fbi	2891	c37b58d91d216e3ed6ebf5d9a31e6ef7d6d495a542f70006632fa49e12c38f92
member	unitscb/tararch.fbi	V3Rocket.hpi!unitscb/tararch.fbi	1458	bd1d5527f4cba2069d7fabd54ffaff0a68b4b6b926fd71b9050fd83b95769936
member	unitscb/tarbeak.fbi	V3Rocket.hpi!unitscb/tarbeak.fbi	1686	3063635c8f8c0a1bf4e8f29503965c952c4c74453f653fb30ba24d0b19c4dbb8
member	unitscb/tarblack.fbi	V3Rocket.hpi!unitscb/tarblack.fbi	1496	b10d6467e06291da439374cab12ac399dc5d29a23375aabc8f771d36b2ba0d3c
member	unitscb/tarcage.fbi	V3Rocket.hpi!unitscb/tarcage.fbi	1109	cd11915710842a807783c248a7f6d6b3bbaa79cc591a1acea611627f6428ca80
member	unitscb/tarcan.fbi	V3Rocket.hpi!unitscb/tarcan.fbi	1452	97796e7d6e899f7f65b611746c7eb54707c7fed434342060d200b7a1d01ba83d
member	unitscb/tarcastl.fbi	V3Rocket.hpi!unitscb/tarcastl.fbi	1131	155252d598906b7a5755801d20397c2f9cc78519d56f3739bd14b5cc6149bb03
member	unitscb/tardemon.fbi	V3Rocket.hpi!unitscb/tardemon.fbi	1325	d6b7535bea04a885b24fcfc0a9a57ef7db1a2fe833c00c62f12acdab78f5e934
member	unitscb/tardrag.fbi	V3Rocket.hpi!unitscb/tardrag.fbi	3048	73ea2848223f7afa4848cde8ee39e91f1640a580b54668d56028d539e1056a6e
member	unitscb/tardung.fbi	V3Rocket.hpi!unitscb/tardung.fbi	1109	dff31ac919df6acfdc96a3b63fe4bce4d58d197fc85e2fb19854217f7c564741
member	unitscb/tarfire.fbi	V3Rocket.hpi!unitscb/tarfire.fbi	1433	e815b2d6c487b09df9b33fcf323c9c0163567dde4074ccced6b17f0972f29f84
member	unitscb/targarg.fbi	V3Rocket.hpi!unitscb/targarg.fbi	1185	71b09e2283a33bdd21fc061b7d6010e22afcbd49db531e35dbe704e32c1e57e4
member	unitscb/targod.fbi	V3Rocket.hpi!unitscb/targod.fbi	1737	c1613e2c93342e1c5b5f8e9f1ef18d5592021f5777d059d85f657ddfb3573272
member	unitscb/tarhand.fbi	V3Rocket.hpi!unitscb/tarhand.fbi	1391	2ccb96ccd8f05b2af5c316f3a022fee64218fcb372e10bf82531d4bcbe71c556
member	unitscb/tarhell.fbi	V3Rocket.hpi!unitscb/tarhell.fbi	1124	b02b0ea790fc633cf93e534bd219b65d40fd610f9c5009173819c837e1948de1
member	unitscb/tarkam.fbi	V3Rocket.hpi!unitscb/tarkam.fbi	1716	531fa7836c481e4083cd032c493bd01d96d757a6ab0a1324119a3bb3e6977ef7
member	unitscb/tarknigh.fbi	V3Rocket.hpi!unitscb/tarknigh.fbi	1565	739cb5dc2266e8c3e08abfad19c599db7fb374c7f53430a6080cf0780c93c36b
member	unitscb/tarlich.fbi	V3Rocket.hpi!unitscb/tarlich.fbi	1647	032f2ba80f5e283bca6730b08fd104eae2b00cae2b703e38f4ade9ed4cc40639
member	unitscb/tarlode.fbi	V3Rocket.hpi!unitscb/tarlode.fbi	770	08967af8f5e2e3c444ff30458a8833676af8121df1d44c988ab248fbf32c7f80
member	unitscb/tarmage.fbi	V3Rocket.hpi!unitscb/tarmage.fbi	2599	aea84171be7b96ff788c4fc8d28780f62e60b4645e31490a79a30c824dc8f637
member	unitscb/tarmana.fbi	V3Rocket.hpi!unitscb/tarmana.fbi	776	acbde1a05dfa1f42cc4b2961c7275192c381096bcdfc5677116cd8cfe250466f
member	unitscb/tarmind.fbi	V3Rocket.hpi!unitscb/tarmind.fbi	2368	24e70c813855ffc98a62c16aec2f53073a2854c67d201d8535ee72f846be6e69
member	unitscb/tarnecro.fbi	V3Rocket.hpi!unitscb/tarnecro.fbi	3146	28348313287020b92823bd3992a252a77c100582838e5150182f6e8f5ea6b333
member	unitscb/tarngate.fbi	V3Rocket.hpi!unitscb/tarngate.fbi	886	f9cff2ae38d9c1c79b1614760b94aa1395a821f205898bf73a524b207849c1f0
member	unitscb/tarprie2.fbi	V3Rocket.hpi!unitscb/tarprie2.fbi	3146	c1118b633b84ea40aeb180173973b07cfbda021b800a61126d640fc266d85085
member	unitscb/tarpries.fbi	V3Rocket.hpi!unitscb/tarpries.fbi	3214	ea1ceed8f7fdbf1beef49d726cf934dedab1b1c4cbc00220766306f49fb78056
member	unitscb/tarsh.fbi	V3Rocket.hpi!unitscb/tarsh.fbi	1293	ca9ca1d1e14b6bce127881577c5ce9d36fac0093dd5513d4476234a307528a34
member	unitscb/tarship.fbi	V3Rocket.hpi!unitscb/tarship.fbi	1745	4289d9a01ca7373e9ed372acc5e73555e109206fad1d82b17e8ca61c446022a8
member	unitscb/tarspout.fbi	V3Rocket.hpi!unitscb/tarspout.fbi	1494	ee92bcd31a881e8030fe5f30272242377ba0c5e891fe2423104e6e7b58190635
member	unitscb/tartb.fbi	V3Rocket.hpi!unitscb/tartb.fbi	1260	8ed7e5df2458d5fac1b244652e5ba8f30af5096801d0b74efc1c847c4b617389
member	unitscb/tartroop.fbi	V3Rocket.hpi!unitscb/tartroop.fbi	1399	637798285c2dfd62b9646b9c6c14b71d2f988033f1ee67b512c56b5dcc654972
member	unitscb/tarwall.fbi	V3Rocket.hpi!unitscb/tarwall.fbi	726	685ad00af1009e0777af925c5476e2c3c8a411405303a4f22947808da12fbbe5
member	unitscb/tarwitch.fbi	V3Rocket.hpi!unitscb/tarwitch.fbi	2885	965793e250ecb20292d642e534afaf6a25d011479f4a07fc189b0c7ff03c15b6
member	unitscb/tarzom.fbi	V3Rocket.hpi!unitscb/tarzom.fbi	1330	2ad438378c941858c19e295146d7fda6a368396724c35550fae2161487a551d4
member	unitscb/verarch.fbi	V3Rocket.hpi!unitscb/verarch.fbi	1499	3ca408cb9e6b04f037afa517ff9f4aad412b21f14f47d07c9dd439bf2fc86303
member	unitscb/verasy.fbi	V3Rocket.hpi!unitscb/verasy.fbi	1108	b5868f648d1f11cb929124623d67b5ed25177494a7ef56510be322d06e785195
member	unitscb/verat.fbi	V3Rocket.hpi!unitscb/verat.fbi	1586	554432d6c11b28c7a1bea79c8c4a6786afd042692ab75f43020d1b5f2576a352
member	unitscb/verbal.fbi	V3Rocket.hpi!unitscb/verbal.fbi	1644	ce8dd438de96c4f89988d30c5436151bf7a0fb8c998026896ff8b0edb2f41d44
member	unitscb/verball.fbi	V3Rocket.hpi!unitscb/verball.fbi	2264	92267cad3fde706ffbfff5c9db96c4c3cba93c0cde48b5152395dac9a2c47cac
member	unitscb/verbers.fbi	V3Rocket.hpi!unitscb/verbers.fbi	1305	d4dd541808c18fd576d10cb518a0309d5e08e48bbb887618c4ea0ca00168dc6e
member	unitscb/vercastl.fbi	V3Rocket.hpi!unitscb/vercastl.fbi	1180	5224efc2ea7a359f182e6d092e30bf059f82f6bf09944692645b05d387f37061
member	unitscb/vercen.fbi	V3Rocket.hpi!unitscb/vercen.fbi	1461	13378a8c42b8027625a46963ccb8156d99ee70b7876ca9e16eff46512bf78800
member	unitscb/vercrus.fbi	V3Rocket.hpi!unitscb/vercrus.fbi	1357	b14c1ec7eed722deffb42a6d8af8359f9c8a955c2789ebf8e387bf2ea2af3331
member	unitscb/verdrag.fbi	V3Rocket.hpi!unitscb/verdrag.fbi	3033	8b455ae0218c35dce5deaac41017cb49df8abe6ce15a97cc0ef5b7b92efc999d
member	unitscb/verflag.fbi	V3Rocket.hpi!unitscb/verflag.fbi	1509	e41d4eef2d4611ddb26f7396f0ca1a106b764a86cb01da4135824f090b5e1078
member	unitscb/verfltwr.fbi	V3Rocket.hpi!unitscb/verfltwr.fbi	1297	75ce7d8ebda1734633acd5d2c6fbf6820d3b5e74f008c6d780e65b844b4a165d
member	unitscb/vergod.fbi	V3Rocket.hpi!unitscb/vergod.fbi	1806	aacd9ad08dcf04d19be745feb125bde0ec8f0508f782ee59b338941a9ba5c2f5
member	unitscb/verharp.fbi	V3Rocket.hpi!unitscb/verharp.fbi	1640	855842a9707c26dc59b87d1b6eca27d48db1322d5e53156430342c2c4f76c611
member	unitscb/verkeep.fbi	V3Rocket.hpi!unitscb/verkeep.fbi	1059	859b788891632e24836f89f521c0d981b54133ae1e8a08dbefe90a90f601c3b4
member	unitscb/verknigh.fbi	V3Rocket.hpi!unitscb/verknigh.fbi	1551	858fc3cd57c89d4d2721a88b92cbd07b97f8ec400b0ebc2f1d012c63fcce2eca
member	unitscb/verliege.fbi	V3Rocket.hpi!unitscb/verliege.fbi	1298	e906b998f1c1458fe77b7211d1cd4ae07ce58b9a9597911f8e266e90912b2d58
member	unitscb/verlight.fbi	V3Rocket.hpi!unitscb/verlight.fbi	1141	d15176545b5aa0c68d7a7dc819639560691645f6f622afc78c917250adcbf4a6
member	unitscb/verlihr.fbi	V3Rocket.hpi!unitscb/verlihr.fbi	1778	2b692bcd6fc126b2a97f07a43869f20fd9dd074be153b183ae7ee5ff087690ff
member	unitscb/verlode.fbi	V3Rocket.hpi!unitscb/verlode.fbi	771	9e5ddbc4d087c6d4a073fcbb9867cc25e7b1821705695000b1a1ca21c5d5f38a
member	unitscb/vermage.fbi	V3Rocket.hpi!unitscb/vermage.fbi	3068	fc632d707ee8b18372ebebb70af9b0fc1005fd6f4413f77038c624a29ce105fe
member	unitscb/verman.fbi	V3Rocket.hpi!unitscb/verman.fbi	1618	5bab06e6d606824af0983a596ecec71e0f4da1c33521c892dda91737d15bca51
member	unitscb/vermana.fbi	V3Rocket.hpi!unitscb/vermana.fbi	778	62f57dd6eec08189cce520b1271f807aebfed233beef70ca977c70aef3c5287f
member	unitscb/vermer.fbi	V3Rocket.hpi!unitscb/vermer.fbi	1434	d6314e8c64f9320cc72cc3a6fa80a073def9bf6cd5fbce183eff4adeff0be23f
member	unitscb/vermort.fbi	V3Rocket.hpi!unitscb/vermort.fbi	1473	45b299e771213b4b625079646255161a2b5a98c159b8e8ee3c6f33f316cf0f24
member	unitscb/vermusk.fbi	V3Rocket.hpi!unitscb/vermusk.fbi	1444	b47e61594198d4217f848c6bc4d3d79d0f67365976835c314167eb81d9eb5a1a
member	unitscb/verngate.fbi	V3Rocket.hpi!unitscb/verngate.fbi	891	4bdf93b3eb352e5e56af9a5f911275e8fc53baef2bfd8bfed54500f0de6f21d8
member	unitscb/verpar.fbi	V3Rocket.hpi!unitscb/verpar.fbi	1088	a38ad5dda44d8df36154f787c9450b1704bed5e3c869562454a45fb5a7163a37
member	unitscb/verpill.fbi	V3Rocket.hpi!unitscb/verpill.fbi	931	17059728ee392028c7df11e8f49d0f0e2c01ee36b91535092006e44e6d0d081a
member	unitscb/verpult.fbi	V3Rocket.hpi!unitscb/verpult.fbi	1671	0f7c82d542703f9cce469c57dc700a06fcdaf77aa03ff45fa7240506eeaaa097
member	unitscb/verscout.fbi	V3Rocket.hpi!unitscb/verscout.fbi	1643	4a84d1b1ae2bb2e10858a436e773a9ec28c6e4d2c2696509c132c0f3a56f7b7b
member	unitscb/versword.fbi	V3Rocket.hpi!unitscb/versword.fbi	1372	1278f9b40597787f01948b6f1eb65ba1b3d2f496257292ed029ab58f4bd997f8
member	unitscb/vertower.fbi	V3Rocket.hpi!unitscb/vertower.fbi	1324	6938be12b4a4df6c08020c050d670f8e7869461c04b05bf869c1a26094402081
member	unitscb/vertrans.fbi	V3Rocket.hpi!unitscb/vertrans.fbi	1530	6a3a9733df3b112d62096c874e9cd37dc6fd5f681a69ecff1b728c8385c0d8e2
member	unitscb/vertre.fbi	V3Rocket.hpi!unitscb/vertre.fbi	1549	6081558b616fcfb3de6472c6d12a5bb718501c8d98e04793bfeb15400ded8406
member	unitscb/verwall.fbi	V3Rocket.hpi!unitscb/verwall.fbi	737	d22449371e81d6ac18b05f981dff7b2d13291486bb393c82c7170d1c184358dc
member	unitscb/zonamoe.fbi	V3Rocket.hpi!unitscb/zonamoe.fbi	1765	020c73e1bbc8d8a5693b04a1e88b58197fd90e5c115afe51baddb9cd3f3775c4
member	unitscb/zonbar.fbi	V3Rocket.hpi!unitscb/zonbar.fbi	1292	4533d922ea334e3e6c8053ad2a526a53711e0213ea60fd9c887459eddafc2691
member	unitscb/zonbasil.fbi	V3Rocket.hpi!unitscb/zonbasil.fbi	1545	89ee1ef565fb5a4f242acbbe1c501f7b9c65488ca2070164ea2a37df8fb83978
member	unitscb/zonbat.fbi	V3Rocket.hpi!unitscb/zonbat.fbi	1138	20ed3ba9082e559563c5fc5c54d4d53dcb5766a14293d35e657e21a734e26527
member	unitscb/zondrag.fbi	V3Rocket.hpi!unitscb/zondrag.fbi	3004	3c90d5fbfd3a09054685b477e5e7b7de3c4daaefcb7f40c5d5a5e17a98c57a59
member	unitscb/zondrake.fbi	V3Rocket.hpi!unitscb/zondrake.fbi	1543	4da3d525098e6ac147df8f703d7736c97ce3b1bab373f726e7f93de43eba8c4a
member	unitscb/zonfire.fbi	V3Rocket.hpi!unitscb/zonfire.fbi	846	1ab373f18da711e168324a35c3122d5c708ba673bea61a6a4945bd60cbe8e4b5
member	unitscb/zonflies.fbi	V3Rocket.hpi!unitscb/zonflies.fbi	1691	88aa66db21ad2b37f05834899c141d6acebaca169a294a4db23d9586e7b20390
member	unitscb/zongiant.fbi	V3Rocket.hpi!unitscb/zongiant.fbi	1517	4c2818d70a20539c9977fa6518fa7166ed5309300d2a2187152adea5d8e64c34
member	unitscb/zonglyph.fbi	V3Rocket.hpi!unitscb/zonglyph.fbi	1269	ec45852df6953b8e13746ab8ee8dd0503367edb7ba9984da9f08cfc740897cbb
member	unitscb/zongob.fbi	V3Rocket.hpi!unitscb/zongob.fbi	1344	788f81389417ac23d9f8232d9e4b0d14c5a3cbb6b467ceb2378f2a0a052f0cd0
member	unitscb/zongod.fbi	V3Rocket.hpi!unitscb/zongod.fbi	1531	43c216dc9804127f89ad91378e40a4943ed0c60c6bc2eef26d16b9205eb0d117
member	unitscb/zongryp.fbi	V3Rocket.hpi!unitscb/zongryp.fbi	1504	e5e424bf2db3102119e23d664ee52c540ccd8956f006d0fbd1e22b8b39876820
member	unitscb/zonhand.fbi	V3Rocket.hpi!unitscb/zonhand.fbi	1425	3e3e609966488c5448d9ed42e128ab9156b0001a20c9392cb263b8575674283a
member	unitscb/zonharp.fbi	V3Rocket.hpi!unitscb/zonharp.fbi	1617	7a56400b2712c819ce23fef7cea1228c434c924f410d5d896cf8dffc2a031a47
member	unitscb/zonhunt.fbi	V3Rocket.hpi!unitscb/zonhunt.fbi	3291	aecb991732d892699f5c6676fa9c9ff33421f2ff8b61a09015af6ebb4e233c84
member	unitscb/zonhurt.fbi	V3Rocket.hpi!unitscb/zonhurt.fbi	3054	5c929ee385aa2e8b51331fdf604f61c408e2618b0d536881591d2010409cc996
member	unitscb/zonkrak.fbi	V3Rocket.hpi!unitscb/zonkrak.fbi	1376	e33f2a92018e224f9ee8fdb4618a0a3428d68f1ffd96552670db0f28bf39a359
member	unitscb/zonlode.fbi	V3Rocket.hpi!unitscb/zonlode.fbi	752	5d7854ab071a74886a7cef342d26357c7ce5f9f39b55a7803921e5777c8aaf6e
member	unitscb/zonlord.fbi	V3Rocket.hpi!unitscb/zonlord.fbi	1668	34d0c7c114ea781797c31037d7b3fde2cadaaf4dffc16f5f159d385cf0827f86
member	unitscb/zonmana.fbi	V3Rocket.hpi!unitscb/zonmana.fbi	774	471f6d1f7ce87d7772f113b2612eede2dc4878a4197f75e24f60dfd3bc1a8277
member	unitscb/zonorc.fbi	V3Rocket.hpi!unitscb/zonorc.fbi	1286	59803788b71d5893939993578185a7b2eebfd22a0c37f976bb2d74dd8b4def25
member	unitscb/zonroc.fbi	V3Rocket.hpi!unitscb/zonroc.fbi	1311	ecde490761099be22373ba7f028e3dc69dc01e5b4d5fc9c63d34396447dddea3
member	unitscb/zonsham.fbi	V3Rocket.hpi!unitscb/zonsham.fbi	1912	ff065bb0d0fb54dfe317f262a0ac96c0d7d2ea9bb3e64ca89ff2756a241eec01
member	unitscb/zonswamp.fbi	V3Rocket.hpi!unitscb/zonswamp.fbi	1329	e04e64d4993ddea868d17ca87d80ae6eab387346e300dbdc951f52d459d31e9e
member	unitscb/zonter.fbi	V3Rocket.hpi!unitscb/zonter.fbi	1515	b1ee7aaeb24dd7132356315d6b4256fb39b0948b6800fb083b6efc95dc2c65c9
member	unitscb/zontrain.fbi	V3Rocket.hpi!unitscb/zontrain.fbi	1346	bda428f88dc36745dcba782a4295be43064df68b05a207c2d58b19c164a4065e
member	unitscb/zontroll.fbi	V3Rocket.hpi!unitscb/zontroll.fbi	1320	69d063a2f17fc74e8b17707ed5d8a2f9d536ce58da40464c039fa64daa0cc2cf
member	unitscb/zonwolf.fbi	V3Rocket.hpi!unitscb/zonwolf.fbi	1415	776789d71667aa49426fa6b2a278a1782a395102ddc9531bf12a4b43e4283f72
member	unitscb/zonwolf2.fbi	V3Rocket.hpi!unitscb/zonwolf2.fbi	1275	dc1301478cdf808a580797fecfd695a09393d2f8db20e7ce7698d710f53b2e35
member	canbuild/arabuild/araat.tdf	IPData.hpi!canbuild/arabuild/araat.tdf	28	a366cd9d71db635c092d2945a48db0144c2bb299f623207bfd5cc349c2c059f2
member	canbuild/arabuild/aracastl.tdf	IPData.hpi!canbuild/arabuild/aracastl.tdf	28	7507dc6cec510274ba49d825bef620d3bfe173c929cb7519ee85b515c115f67b
member	canbuild/arabuild/arakeep.tdf	IPData.hpi!canbuild/arabuild/arakeep.tdf	28	f736d3e93a76eade89bd975a76484894c19b1cf728be0588eddf30ae55cf44b0
member	canbuild/arabuild/aralode.tdf	IPData.hpi!canbuild/arabuild/aralode.tdf	28	5de3373a4dfdd926677dd9810fb446c627b216dfb2cb5e04ad6ef8039281a373
member	canbuild/arabuild/arassh.tdf	IPData.hpi!canbuild/arabuild/arassh.tdf	28	3e24c8bcef2755443140db8c27a9b404a155ccc41cb057d28f3b523b9638b957
member	canbuild/arabuild/aratre.tdf	IPData.hpi!canbuild/arabuild/aratre.tdf	28	e0737c4daae95115232943195c6d269d0ebc21724968da5338c6b602f4354dbe
member	canbuild/arabuild/arawall.tdf	IPData.hpi!canbuild/arabuild/arawall.tdf	28	4a2e07a6715928e79e1267c4c4df69647552c49959f9202aa6d6db14ea2b878b
member	canbuild/arabuild/arawar.tdf	IPData.hpi!canbuild/arabuild/arawar.tdf	28	8518dcaeb5786578ba71d0fa252ce359028dd25e8aceedfa99644de19d19b192
member	canbuild/aracastl/arabow.tdf	IPData.hpi!canbuild/aracastl/arabow.tdf	28	5de3373a4dfdd926677dd9810fb446c627b216dfb2cb5e04ad6ef8039281a373
member	canbuild/aracastl/arabroad.tdf	IPData.hpi!canbuild/aracastl/arabroad.tdf	28	4a2e07a6715928e79e1267c4c4df69647552c49959f9202aa6d6db14ea2b878b
member	canbuild/aracastl/arabuild.tdf	IPData.hpi!canbuild/aracastl/arabuild.tdf	28	7507dc6cec510274ba49d825bef620d3bfe173c929cb7519ee85b515c115f67b
member	canbuild/aracastl/aracan.tdf	IPData.hpi!canbuild/aracastl/aracan.tdf	28	3e24c8bcef2755443140db8c27a9b404a155ccc41cb057d28f3b523b9638b957
member	canbuild/aracastl/arapal.tdf	IPData.hpi!canbuild/aracastl/arapal.tdf	28	8518dcaeb5786578ba71d0fa252ce359028dd25e8aceedfa99644de19d19b192
member	canbuild/aracastl/arapries.tdf	IPData.hpi!canbuild/aracastl/arapries.tdf	28	12f387c38f8001c1d2b222e3c536e24093ed8283cd3556278238658b3cce2cc6
member	canbuild/aracastl/arasiege.tdf	IPData.hpi!canbuild/aracastl/arasiege.tdf	28	f736d3e93a76eade89bd975a76484894c19b1cf728be0588eddf30ae55cf44b0
member	canbuild/aracastl/arasmith.tdf	IPData.hpi!canbuild/aracastl/arasmith.tdf	28	a366cd9d71db635c092d2945a48db0144c2bb299f623207bfd5cc349c2c059f2
member	canbuild/aracastl/araspy.tdf	IPData.hpi!canbuild/aracastl/araspy.tdf	28	e0737c4daae95115232943195c6d269d0ebc21724968da5338c6b602f4354dbe
member	canbuild/arafly/araat.tdf	IPData.hpi!canbuild/arafly/araat.tdf	28	a366cd9d71db635c092d2945a48db0144c2bb299f623207bfd5cc349c2c059f2
member	canbuild/arafly/aracastl.tdf	IPData.hpi!canbuild/arafly/aracastl.tdf	28	7507dc6cec510274ba49d825bef620d3bfe173c929cb7519ee85b515c115f67b
member	canbuild/arafly/arakeep.tdf	IPData.hpi!canbuild/arafly/arakeep.tdf	28	f736d3e93a76eade89bd975a76484894c19b1cf728be0588eddf30ae55cf44b0
member	canbuild/arafly/aralode.tdf	IPData.hpi!canbuild/arafly/aralode.tdf	28	8518dcaeb5786578ba71d0fa252ce359028dd25e8aceedfa99644de19d19b192
member	canbuild/arafly/arassh.tdf	IPData.hpi!canbuild/arafly/arassh.tdf	28	e0737c4daae95115232943195c6d269d0ebc21724968da5338c6b602f4354dbe
member	canbuild/arafly/aratre.tdf	IPData.hpi!canbuild/arafly/aratre.tdf	28	5de3373a4dfdd926677dd9810fb446c627b216dfb2cb5e04ad6ef8039281a373
member	canbuild/arafly/arawall.tdf	IPData.hpi!canbuild/arafly/arawall.tdf	28	4a2e07a6715928e79e1267c4c4df69647552c49959f9202aa6d6db14ea2b878b
member	canbuild/arafly/arawar.tdf	IPData.hpi!canbuild/arafly/arawar.tdf	28	3e24c8bcef2755443140db8c27a9b404a155ccc41cb057d28f3b523b9638b957
member	canbuild/arakeep/araarch.tdf	IPData.hpi!canbuild/arakeep/araarch.tdf	28	8518dcaeb5786578ba71d0fa252ce359028dd25e8aceedfa99644de19d19b192
member	canbuild/arakeep/arabuild.tdf	IPData.hpi!canbuild/arakeep/arabuild.tdf	28	e0737c4daae95115232943195c6d269d0ebc21724968da5338c6b602f4354dbe
member	canbuild/arakeep/arafast.tdf	IPData.hpi!canbuild/arakeep/arafast.tdf	28	4a2e07a6715928e79e1267c4c4df69647552c49959f9202aa6d6db14ea2b878b
member	canbuild/arakeep/araknigh.tdf	IPData.hpi!canbuild/arakeep/araknigh.tdf	28	a366cd9d71db635c092d2945a48db0144c2bb299f623207bfd5cc349c2c059f2
member	canbuild/arakeep/arapult.tdf	IPData.hpi!canbuild/arakeep/arapult.tdf	28	3e24c8bcef2755443140db8c27a9b404a155ccc41cb057d28f3b523b9638b957
member	canbuild/arakeep/arasword.tdf	IPData.hpi!canbuild/arakeep/arasword.tdf	28	5de3373a4dfdd926677dd9810fb446c627b216dfb2cb5e04ad6ef8039281a373
member	canbuild/araking/araat.tdf	IPData.hpi!canbuild/araking/araat.tdf	28	a366cd9d71db635c092d2945a48db0144c2bb299f623207bfd5cc349c2c059f2
member	canbuild/araking/aragod.tdf	IPData.hpi!canbuild/araking/aragod.tdf	29	d9ade08a011e24d034778fb7490d6213546a57ec7ee741759eaa07b5cbaf0d72
member	canbuild/araking/arakeep.tdf	IPData.hpi!canbuild/araking/arakeep.tdf	28	e0737c4daae95115232943195c6d269d0ebc21724968da5338c6b602f4354dbe
member	canbuild/araking/aralode.tdf	IPData.hpi!canbuild/araking/aralode.tdf	28	8518dcaeb5786578ba71d0fa252ce359028dd25e8aceedfa99644de19d19b192
member	canbuild/araking/arangate.tdf	IPData.hpi!canbuild/araking/arangate.tdf	28	5de3373a4dfdd926677dd9810fb446c627b216dfb2cb5e04ad6ef8039281a373
member	canbuild/araking/aratrans.tdf	IPData.hpi!canbuild/araking/aratrans.tdf	28	3e24c8bcef2755443140db8c27a9b404a155ccc41cb057d28f3b523b9638b957
member	canbuild/araking/arawall.tdf	IPData.hpi!canbuild/araking/arawall.tdf	28	4a2e07a6715928e79e1267c4c4df69647552c49959f9202aa6d6db14ea2b878b
member	canbuild/arapries/aradrag.tdf	IPData.hpi!canbuild/arapries/aradrag.tdf	28	5de3373a4dfdd926677dd9810fb446c627b216dfb2cb5e04ad6ef8039281a373
member	canbuild/arapries/arafly.tdf	IPData.hpi!canbuild/arapries/arafly.tdf	28	a366cd9d71db635c092d2945a48db0144c2bb299f623207bfd5cc349c2c059f2
member	canbuild/arapries/aragren.tdf	IPData.hpi!canbuild/arapries/aragren.tdf	30	257a7d0f22dbf7e601f90b66f0d6aa76fa984ad34a33598ee31db6656cc2f9f8
member	canbuild/arapries/aramana.tdf	IPData.hpi!canbuild/arapries/aramana.tdf	28	4a2e07a6715928e79e1267c4c4df69647552c49959f9202aa6d6db14ea2b878b
member	canbuild/creacad/crebeas.tdf	IPData.hpi!canbuild/creacad/crebeas.tdf	28	5de3373a4dfdd926677dd9810fb446c627b216dfb2cb5e04ad6ef8039281a373
member	canbuild/creacad/crechie.tdf	IPData.hpi!canbuild/creacad/crechie.tdf	28	a366cd9d71db635c092d2945a48db0144c2bb299f623207bfd5cc349c2c059f2
member	canbuild/creacad/credrag.tdf	IPData.hpi!canbuild/creacad/credrag.tdf	28	8518dcaeb5786578ba71d0fa252ce359028dd25e8aceedfa99644de19d19b192
member	canbuild/creacad/creshoc.tdf	IPData.hpi!canbuild/creacad/creshoc.tdf	28	4a2e07a6715928e79e1267c4c4df69647552c49959f9202aa6d6db14ea2b878b
member	canbuild/crechie/creacad.tdf	IPData.hpi!canbuild/crechie/creacad.tdf	28	a366cd9d71db635c092d2945a48db0144c2bb299f623207bfd5cc349c2c059f2
member	canbuild/crechie/creaeri.tdf	IPData.hpi!canbuild/crechie/creaeri.tdf	28	5de3373a4dfdd926677dd9810fb446c627b216dfb2cb5e04ad6ef8039281a373
member	canbuild/crechie/cremana.tdf	IPData.hpi!canbuild/crechie/cremana.tdf	28	4a2e07a6715928e79e1267c4c4df69647552c49959f9202aa6d6db14ea2b878b
member	canbuild/crechie/cresmit.tdf	IPData.hpi!canbuild/crechie/cresmit.tdf	28	8518dcaeb5786578ba71d0fa252ce359028dd25e8aceedfa99644de19d19b192
member	canbuild/cremech/creacad.tdf	IPData.hpi!canbuild/cremech/creacad.tdf	28	7507dc6cec510274ba49d825bef620d3bfe173c929cb7519ee85b515c115f67b
member	canbuild/cremech/crebomb.tdf	IPData.hpi!canbuild/cremech/crebomb.tdf	28	a366cd9d71db635c092d2945a48db0144c2bb299f623207bfd5cc349c2c059f2
member	canbuild/cremech/cregatl.tdf	IPData.hpi!canbuild/cremech/cregatl.tdf	28	8518dcaeb5786578ba71d0fa252ce359028dd25e8aceedfa99644de19d19b192
member	canbuild/cremech/crelode.tdf	IPData.hpi!canbuild/cremech/crelode.tdf	28	5de3373a4dfdd926677dd9810fb446c627b216dfb2cb5e04ad6ef8039281a373
member	canbuild/cremech/crenavy.tdf	IPData.hpi!canbuild/cremech/crenavy.tdf	28	f736d3e93a76eade89bd975a76484894c19b1cf728be0588eddf30ae55cf44b0
member	canbuild/cremech/crepris.tdf	IPData.hpi!canbuild/cremech/crepris.tdf	28	3e24c8bcef2755443140db8c27a9b404a155ccc41cb057d28f3b523b9638b957
member	canbuild/cremech/cresmit.tdf	IPData.hpi!canbuild/cremech/cresmit.tdf	28	e0737c4daae95115232943195c6d269d0ebc21724968da5338c6b602f4354dbe
member	canbuild/cremech/crewall.tdf	IPData.hpi!canbuild/cremech/crewall.tdf	28	4a2e07a6715928e79e1267c4c4df69647552c49959f9202aa6d6db14ea2b878b
member	canbuild/crenavy/creiron.tdf	IPData.hpi!canbuild/crenavy/creiron.tdf	28	8518dcaeb5786578ba71d0fa252ce359028dd25e8aceedfa99644de19d19b192
member	canbuild/crenavy/crester.tdf	IPData.hpi!canbuild/crenavy/crester.tdf	28	5de3373a4dfdd926677dd9810fb446c627b216dfb2cb5e04ad6ef8039281a373
member	canbuild/crenavy/cresubm.tdf	IPData.hpi!canbuild/crenavy/cresubm.tdf	28	4a2e07a6715928e79e1267c4c4df69647552c49959f9202aa6d6db14ea2b878b
member	canbuild/cresage/cregate.tdf	IPData.hpi!canbuild/cresage/cregate.tdf	28	8518dcaeb5786578ba71d0fa252ce359028dd25e8aceedfa99644de19d19b192
member	canbuild/cresage/cregatl.tdf	IPData.hpi!canbuild/cresage/cregatl.tdf	28	a366cd9d71db635c092d2945a48db0144c2bb299f623207bfd5cc349c2c059f2
member	canbuild/cresage/cregod.tdf	IPData.hpi!canbuild/cresage/cregod.tdf	29	d9ade08a011e24d034778fb7490d6213546a57ec7ee741759eaa07b5cbaf0d72
member	canbuild/cresage/crelode.tdf	IPData.hpi!canbuild/cresage/crelode.tdf	28	5de3373a4dfdd926677dd9810fb446c627b216dfb2cb5e04ad6ef8039281a373
member	canbuild/cresage/crenavy.tdf	IPData.hpi!canbuild/cresage/crenavy.tdf	28	e0737c4daae95115232943195c6d269d0ebc21724968da5338c6b602f4354dbe
member	canbuild/cresage/cresmit.tdf	IPData.hpi!canbuild/cresage/cresmit.tdf	28	3e24c8bcef2755443140db8c27a9b404a155ccc41cb057d28f3b523b9638b957
member	canbuild/cresage/crewall.tdf	IPData.hpi!canbuild/cresage/crewall.tdf	28	4a2e07a6715928e79e1267c4c4df69647552c49959f9202aa6d6db14ea2b878b
member	canbuild/cresmit/creauto.tdf	IPData.hpi!canbuild/cresmit/creauto.tdf	28	5de3373a4dfdd926677dd9810fb446c627b216dfb2cb5e04ad6ef8039281a373
member	canbuild/cresmit/crebarn.tdf	IPData.hpi!canbuild/cresmit/crebarn.tdf	28	4a2e07a6715928e79e1267c4c4df69647552c49959f9202aa6d6db14ea2b878b
member	canbuild/cresmit/crefire.tdf	IPData.hpi!canbuild/cresmit/crefire.tdf	28	8518dcaeb5786578ba71d0fa252ce359028dd25e8aceedfa99644de19d19b192
member	canbuild/cresmit/cremech.tdf	IPData.hpi!canbuild/cresmit/cremech.tdf	28	3e24c8bcef2755443140db8c27a9b404a155ccc41cb057d28f3b523b9638b957
member	canbuild/cresmit/cretort.tdf	IPData.hpi!canbuild/cresmit/cretort.tdf	28	a366cd9d71db635c092d2945a48db0144c2bb299f623207bfd5cc349c2c059f2
member	canbuild/tarcastl/tarblack.tdf	IPData.hpi!canbuild/tarcastl/tarblack.tdf	28	a366cd9d71db635c092d2945a48db0144c2bb299f623207bfd5cc349c2c059f2
member	canbuild/tarcastl/targarg.tdf	IPData.hpi!canbuild/tarcastl/targarg.tdf	28	4a2e07a6715928e79e1267c4c4df69647552c49959f9202aa6d6db14ea2b878b
member	canbuild/tarcastl/tarship.tdf	IPData.hpi!canbuild/tarcastl/tarship.tdf	28	3e24c8bcef2755443140db8c27a9b404a155ccc41cb057d28f3b523b9638b957
member	canbuild/tarcastl/tartb.tdf	IPData.hpi!canbuild/tarcastl/tartb.tdf	28	e0737c4daae95115232943195c6d269d0ebc21724968da5338c6b602f4354dbe
member	canbuild/tarcastl/tartroop.tdf	IPData.hpi!canbuild/tarcastl/tartroop.tdf	28	8518dcaeb5786578ba71d0fa252ce359028dd25e8aceedfa99644de19d19b192
member	canbuild/tarcastl/tarzom.tdf	IPData.hpi!canbuild/tarcastl/tarzom.tdf	28	5de3373a4dfdd926677dd9810fb446c627b216dfb2cb5e04ad6ef8039281a373
member	canbuild/tardung/tararch.tdf	IPData.hpi!canbuild/tardung/tararch.tdf	28	4a2e07a6715928e79e1267c4c4df69647552c49959f9202aa6d6db14ea2b878b
member	canbuild/tardung/tarbeak.tdf	IPData.hpi!canbuild/tardung/tarbeak.tdf	28	a366cd9d71db635c092d2945a48db0144c2bb299f623207bfd5cc349c2c059f2
member	canbuild/tardung/tarcan.tdf	IPData.hpi!canbuild/tardung/tarcan.tdf	28	3e24c8bcef2755443140db8c27a9b404a155ccc41cb057d28f3b523b9638b957
member	canbuild/tardung/tarfire.tdf	IPData.hpi!canbuild/tardung/tarfire.tdf	28	5de3373a4dfdd926677dd9810fb446c627b216dfb2cb5e04ad6ef8039281a373
member	canbuild/tardung/tarhand.tdf	IPData.hpi!canbuild/tardung/tarhand.tdf	28	e0737c4daae95115232943195c6d269d0ebc21724968da5338c6b602f4354dbe
member	canbuild/tardung/tartb.tdf	IPData.hpi!canbuild/tardung/tartb.tdf	28	f736d3e93a76eade89bd975a76484894c19b1cf728be0588eddf30ae55cf44b0
member	canbuild/tardung/tarwitch.tdf	IPData.hpi!canbuild/tardung/tarwitch.tdf	28	8518dcaeb5786578ba71d0fa252ce359028dd25e8aceedfa99644de19d19b192
member	canbuild/tarhell/tardemon.tdf	IPData.hpi!canbuild/tarhell/tardemon.tdf	28	8518dcaeb5786578ba71d0fa252ce359028dd25e8aceedfa99644de19d19b192
member	canbuild/tarhell/tarkam.tdf	IPData.hpi!canbuild/tarhell/tarkam.tdf	28	a366cd9d71db635c092d2945a48db0144c2bb299f623207bfd5cc349c2c059f2
member	canbuild/tarhell/tarknigh.tdf	IPData.hpi!canbuild/tarhell/tarknigh.tdf	28	f736d3e93a76eade89bd975a76484894c19b1cf728be0588eddf30ae55cf44b0
member	canbuild/tarhell/tarlich.tdf	IPData.hpi!canbuild/tarhell/tarlich.tdf	28	4a2e07a6715928e79e1267c4c4df69647552c49959f9202aa6d6db14ea2b878b
member	canbuild/tarhell/tarmage.tdf	IPData.hpi!canbuild/tarhell/tarmage.tdf	28	3e24c8bcef2755443140db8c27a9b404a155ccc41cb057d28f3b523b9638b957
member	canbuild/tarhell/tarmind.tdf	IPData.hpi!canbuild/tarhell/tarmind.tdf	28	e0737c4daae95115232943195c6d269d0ebc21724968da5338c6b602f4354dbe
member	canbuild/tarhell/tarpries.tdf	IPData.hpi!canbuild/tarhell/tarpries.tdf	28	12f387c38f8001c1d2b222e3c536e24093ed8283cd3556278238658b3cce2cc6
member	canbuild/tarhell/tarspout.tdf	IPData.hpi!canbuild/tarhell/tarspout.tdf	28	5de3373a4dfdd926677dd9810fb446c627b216dfb2cb5e04ad6ef8039281a373
member	canbuild/tarhell/tartb.tdf	IPData.hpi!canbuild/tarhell/tartb.tdf	28	7507dc6cec510274ba49d825bef620d3bfe173c929cb7519ee85b515c115f67b
member	canbuild/tarnecro/tarcage.tdf	IPData.hpi!canbuild/tarnecro/tarcage.tdf	28	a366cd9d71db635c092d2945a48db0144c2bb299f623207bfd5cc349c2c059f2
member	canbuild/tarnecro/tarcastl.tdf	IPData.hpi!canbuild/tarnecro/tarcastl.tdf	28	3e24c8bcef2755443140db8c27a9b404a155ccc41cb057d28f3b523b9638b957
member	canbuild/tarnecro/tardung.tdf	IPData.hpi!canbuild/tarnecro/tardung.tdf	28	e0737c4daae95115232943195c6d269d0ebc21724968da5338c6b602f4354dbe
member	canbuild/tarnecro/targod.tdf	IPData.hpi!canbuild/tarnecro/targod.tdf	29	d9ade08a011e24d034778fb7490d6213546a57ec7ee741759eaa07b5cbaf0d72
member	canbuild/tarnecro/tarhell.tdf	IPData.hpi!canbuild/tarnecro/tarhell.tdf	28	f736d3e93a76eade89bd975a76484894c19b1cf728be0588eddf30ae55cf44b0
member	canbuild/tarnecro/tarlode.tdf	IPData.hpi!canbuild/tarnecro/tarlode.tdf	28	5de3373a4dfdd926677dd9810fb446c627b216dfb2cb5e04ad6ef8039281a373
member	canbuild/tarnecro/tarngate.tdf	IPData.hpi!canbuild/tarnecro/tarngate.tdf	28	8518dcaeb5786578ba71d0fa252ce359028dd25e8aceedfa99644de19d19b192
member	canbuild/tarnecro/tarwall.tdf	IPData.hpi!canbuild/tarnecro/tarwall.tdf	28	4a2e07a6715928e79e1267c4c4df69647552c49959f9202aa6d6db14ea2b878b
member	canbuild/tarprie2/npctemp.tdf	IPData.hpi!canbuild/tarprie2/npctemp.tdf	28	4a2e07a6715928e79e1267c4c4df69647552c49959f9202aa6d6db14ea2b878b
member	canbuild/tarpries/tarang.tdf	IPData.hpi!canbuild/tarpries/tarang.tdf	28	5de3373a4dfdd926677dd9810fb446c627b216dfb2cb5e04ad6ef8039281a373
member	canbuild/tarpries/tardrag.tdf	IPData.hpi!canbuild/tarpries/tardrag.tdf	28	8518dcaeb5786578ba71d0fa252ce359028dd25e8aceedfa99644de19d19b192
member	canbuild/tarpries/tarmana.tdf	IPData.hpi!canbuild/tarpries/tarmana.tdf	28	4a2e07a6715928e79e1267c4c4df69647552c49959f9202aa6d6db14ea2b878b
member	canbuild/tartb/tarcage.tdf	IPData.hpi!canbuild/tartb/tarcage.tdf	28	8518dcaeb5786578ba71d0fa252ce359028dd25e8aceedfa99644de19d19b192
member	canbuild/tartb/tarcastl.tdf	IPData.hpi!canbuild/tartb/tarcastl.tdf	28	3e24c8bcef2755443140db8c27a9b404a155ccc41cb057d28f3b523b9638b957
member	canbuild/tartb/tardung.tdf	IPData.hpi!canbuild/tartb/tardung.tdf	28	e0737c4daae95115232943195c6d269d0ebc21724968da5338c6b602f4354dbe
member	canbuild/tartb/tarhell.tdf	IPData.hpi!canbuild/tartb/tarhell.tdf	28	f736d3e93a76eade89bd975a76484894c19b1cf728be0588eddf30ae55cf44b0
member	canbuild/tartb/tarlode.tdf	IPData.hpi!canbuild/tartb/tarlode.tdf	28	5de3373a4dfdd926677dd9810fb446c627b216dfb2cb5e04ad6ef8039281a373
member	canbuild/tartb/tarsh.tdf	IPData.hpi!canbuild/tartb/tarsh.tdf	28	a366cd9d71db635c092d2945a48db0144c2bb299f623207bfd5cc349c2c059f2
member	canbuild/tartb/tarwall.tdf	IPData.hpi!canbuild/tartb/tarwall.tdf	28	4a2e07a6715928e79e1267c4c4df69647552c49959f9202aa6d6db14ea2b878b
member	canbuild/verasy/verflag.tdf	IPData.hpi!canbuild/verasy/verflag.tdf	28	e0737c4daae95115232943195c6d269d0ebc21724968da5338c6b602f4354dbe
member	canbuild/verasy/verharp.tdf	IPData.hpi!canbuild/verasy/verharp.tdf	28	5de3373a4dfdd926677dd9810fb446c627b216dfb2cb5e04ad6ef8039281a373
member	canbuild/verasy/verman.tdf	IPData.hpi!canbuild/verasy/verman.tdf	28	a366cd9d71db635c092d2945a48db0144c2bb299f623207bfd5cc349c2c059f2
member	canbuild/verasy/verscout.tdf	IPData.hpi!canbuild/verasy/verscout.tdf	28	4a2e07a6715928e79e1267c4c4df69647552c49959f9202aa6d6db14ea2b878b
member	canbuild/verasy/vertrans.tdf	IPData.hpi!canbuild/verasy/vertrans.tdf	28	8518dcaeb5786578ba71d0fa252ce359028dd25e8aceedfa99644de19d19b192
member	canbuild/verasy/vertre.tdf	IPData.hpi!canbuild/verasy/vertre.tdf	28	3e24c8bcef2755443140db8c27a9b404a155ccc41cb057d28f3b523b9638b957
member	canbuild/vercastl/verball.tdf	IPData.hpi!canbuild/vercastl/verball.tdf	28	e0737c4daae95115232943195c6d269d0ebc21724968da5338c6b602f4354dbe
member	canbuild/vercastl/verbers.tdf	IPData.hpi!canbuild/vercastl/verbers.tdf	28	4a2e07a6715928e79e1267c4c4df69647552c49959f9202aa6d6db14ea2b878b
member	canbuild/vercastl/vercen.tdf	IPData.hpi!canbuild/vercastl/vercen.tdf	28	5de3373a4dfdd926677dd9810fb446c627b216dfb2cb5e04ad6ef8039281a373
member	canbuild/vercastl/vercrus.tdf	IPData.hpi!canbuild/vercastl/vercrus.tdf	28	a366cd9d71db635c092d2945a48db0144c2bb299f623207bfd5cc349c2c059f2
member	canbuild/vercastl/verknigh.tdf	IPData.hpi!canbuild/vercastl/verknigh.tdf	28	3e24c8bcef2755443140db8c27a9b404a155ccc41cb057d28f3b523b9638b957
member	canbuild/vercastl/verliege.tdf	IPData.hpi!canbuild/vercastl/verliege.tdf	28	f736d3e93a76eade89bd975a76484894c19b1cf728be0588eddf30ae55cf44b0
member	canbuild/vercastl/verlihr.tdf	IPData.hpi!canbuild/vercastl/verlihr.tdf	28	7507dc6cec510274ba49d825bef620d3bfe173c929cb7519ee85b515c115f67b
member	canbuild/vercastl/vermusk.tdf	IPData.hpi!canbuild/vercastl/vermusk.tdf	28	8518dcaeb5786578ba71d0fa252ce359028dd25e8aceedfa99644de19d19b192
member	canbuild/verflag/verasy.tdf	IPData.hpi!canbuild/verflag/verasy.tdf	28	a366cd9d71db635c092d2945a48db0144c2bb299f623207bfd5cc349c2c059f2
member	canbuild/verflag/verfltwr.tdf	IPData.hpi!canbuild/verflag/verfltwr.tdf	28	5de3373a4dfdd926677dd9810fb446c627b216dfb2cb5e04ad6ef8039281a373
member	canbuild/verflag/verkeep.tdf	IPData.hpi!canbuild/verflag/verkeep.tdf	28	8518dcaeb5786578ba71d0fa252ce359028dd25e8aceedfa99644de19d19b192
member	canbuild/verflag/verlode.tdf	IPData.hpi!canbuild/verflag/verlode.tdf	28	4a2e07a6715928e79e1267c4c4df69647552c49959f9202aa6d6db14ea2b878b
member	canbuild/verkeep/verarch.tdf	IPData.hpi!canbuild/verkeep/verarch.tdf	28	8518dcaeb5786578ba71d0fa252ce359028dd25e8aceedfa99644de19d19b192
member	canbuild/verkeep/verliege.tdf	IPData.hpi!canbuild/verkeep/verliege.tdf	28	e0737c4daae95115232943195c6d269d0ebc21724968da5338c6b602f4354dbe
member	canbuild/verkeep/vermer.tdf	IPData.hpi!canbuild/verkeep/vermer.tdf	28	3e24c8bcef2755443140db8c27a9b404a155ccc41cb057d28f3b523b9638b957
member	canbuild/verkeep/verpar.tdf	IPData.hpi!canbuild/verkeep/verpar.tdf	28	4a2e07a6715928e79e1267c4c4df69647552c49959f9202aa6d6db14ea2b878b
member	canbuild/verkeep/verpult.tdf	IPData.hpi!canbuild/verkeep/verpult.tdf	28	a366cd9d71db635c092d2945a48db0144c2bb299f623207bfd5cc349c2c059f2
member	canbuild/verkeep/versword.tdf	IPData.hpi!canbuild/verkeep/versword.tdf	28	5de3373a4dfdd926677dd9810fb446c627b216dfb2cb5e04ad6ef8039281a373
member	canbuild/verliege/verasy.tdf	IPData.hpi!canbuild/verliege/verasy.tdf	28	7507dc6cec510274ba49d825bef620d3bfe173c929cb7519ee85b515c115f67b
member	canbuild/verliege/verat.tdf	IPData.hpi!canbuild/verliege/verat.tdf	28	8518dcaeb5786578ba71d0fa252ce359028dd25e8aceedfa99644de19d19b192
member	canbuild/verliege/vercastl.tdf	IPData.hpi!canbuild/verliege/vercastl.tdf	28	12f387c38f8001c1d2b222e3c536e24093ed8283cd3556278238658b3cce2cc6
member	canbuild/verliege/verkeep.tdf	IPData.hpi!canbuild/verliege/verkeep.tdf	28	f736d3e93a76eade89bd975a76484894c19b1cf728be0588eddf30ae55cf44b0
member	canbuild/verliege/verlight.tdf	IPData.hpi!canbuild/verliege/verlight.tdf	28	a366cd9d71db635c092d2945a48db0144c2bb299f623207bfd5cc349c2c059f2
member	canbuild/verliege/verlode.tdf	IPData.hpi!canbuild/verliege/verlode.tdf	28	5de3373a4dfdd926677dd9810fb446c627b216dfb2cb5e04ad6ef8039281a373
member	canbuild/verliege/vermort.tdf	IPData.hpi!canbuild/verliege/vermort.tdf	28	3e24c8bcef2755443140db8c27a9b404a155ccc41cb057d28f3b523b9638b957
member	canbuild/verliege/vertower.tdf	IPData.hpi!canbuild/verliege/vertower.tdf	28	e0737c4daae95115232943195c6d269d0ebc21724968da5338c6b602f4354dbe
member	canbuild/verliege/verwall.tdf	IPData.hpi!canbuild/verliege/verwall.tdf	28	4a2e07a6715928e79e1267c4c4df69647552c49959f9202aa6d6db14ea2b878b
member	canbuild/verlihr/verbal.tdf	IPData.hpi!canbuild/verlihr/verbal.tdf	28	4a2e07a6715928e79e1267c4c4df69647552c49959f9202aa6d6db14ea2b878b
member	canbuild/verlihr/verdrag.tdf	IPData.hpi!canbuild/verlihr/verdrag.tdf	28	a366cd9d71db635c092d2945a48db0144c2bb299f623207bfd5cc349c2c059f2
member	canbuild/verlihr/vermana.tdf	IPData.hpi!canbuild/verlihr/vermana.tdf	28	8518dcaeb5786578ba71d0fa252ce359028dd25e8aceedfa99644de19d19b192
member	canbuild/verlihr/verpill.tdf	IPData.hpi!canbuild/verlihr/verpill.tdf	28	5de3373a4dfdd926677dd9810fb446c627b216dfb2cb5e04ad6ef8039281a373
member	canbuild/vermage/verasy.tdf	IPData.hpi!canbuild/vermage/verasy.tdf	28	e0737c4daae95115232943195c6d269d0ebc21724968da5338c6b602f4354dbe
member	canbuild/vermage/verat.tdf	IPData.hpi!canbuild/vermage/verat.tdf	28	a366cd9d71db635c092d2945a48db0144c2bb299f623207bfd5cc349c2c059f2
member	canbuild/vermage/vergod.tdf	IPData.hpi!canbuild/vermage/vergod.tdf	29	d9ade08a011e24d034778fb7490d6213546a57ec7ee741759eaa07b5cbaf0d72
member	canbuild/vermage/verkeep.tdf	IPData.hpi!canbuild/vermage/verkeep.tdf	28	3e24c8bcef2755443140db8c27a9b404a155ccc41cb057d28f3b523b9638b957
member	canbuild/vermage/verlode.tdf	IPData.hpi!canbuild/vermage/verlode.tdf	28	5de3373a4dfdd926677dd9810fb446c627b216dfb2cb5e04ad6ef8039281a373
member	canbuild/vermage/verngate.tdf	IPData.hpi!canbuild/vermage/verngate.tdf	28	8518dcaeb5786578ba71d0fa252ce359028dd25e8aceedfa99644de19d19b192
member	canbuild/vermage/verwall.tdf	IPData.hpi!canbuild/vermage/verwall.tdf	28	4a2e07a6715928e79e1267c4c4df69647552c49959f9202aa6d6db14ea2b878b
member	canbuild/zonhand/zonbat.tdf	IPData.hpi!canbuild/zonhand/zonbat.tdf	28	8518dcaeb5786578ba71d0fa252ce359028dd25e8aceedfa99644de19d19b192
member	canbuild/zonhand/zonfire.tdf	IPData.hpi!canbuild/zonhand/zonfire.tdf	28	5de3373a4dfdd926677dd9810fb446c627b216dfb2cb5e04ad6ef8039281a373
member	canbuild/zonhand/zongob.tdf	IPData.hpi!canbuild/zonhand/zongob.tdf	28	4a2e07a6715928e79e1267c4c4df69647552c49959f9202aa6d6db14ea2b878b
member	canbuild/zonhand/zonlode.tdf	IPData.hpi!canbuild/zonhand/zonlode.tdf	28	e0737c4daae95115232943195c6d269d0ebc21724968da5338c6b602f4354dbe
member	canbuild/zonhand/zonswamp.tdf	IPData.hpi!canbuild/zonhand/zonswamp.tdf	28	f736d3e93a76eade89bd975a76484894c19b1cf728be0588eddf30ae55cf44b0
member	canbuild/zonhand/zonter.tdf	IPData.hpi!canbuild/zonhand/zonter.tdf	28	a366cd9d71db635c092d2945a48db0144c2bb299f623207bfd5cc349c2c059f2
member	canbuild/zonhand/zontrain.tdf	IPData.hpi!canbuild/zonhand/zontrain.tdf	28	7507dc6cec510274ba49d825bef620d3bfe173c929cb7519ee85b515c115f67b
member	canbuild/zonhand/zontroll.tdf	IPData.hpi!canbuild/zonhand/zontroll.tdf	28	3e24c8bcef2755443140db8c27a9b404a155ccc41cb057d28f3b523b9638b957
member	canbuild/zonhunt/zonfire.tdf	IPData.hpi!canbuild/zonhunt/zonfire.tdf	28	4a2e07a6715928e79e1267c4c4df69647552c49959f9202aa6d6db14ea2b878b
member	canbuild/zonhunt/zonglyph.tdf	IPData.hpi!canbuild/zonhunt/zonglyph.tdf	30	c81c7a15d54318696a8fdaa49eaa6457fe6440c0887a2cdac3450b05b2c72c90
member	canbuild/zonhunt/zongod.tdf	IPData.hpi!canbuild/zonhunt/zongod.tdf	29	d9ade08a011e24d034778fb7490d6213546a57ec7ee741759eaa07b5cbaf0d72
member	canbuild/zonhunt/zonhand.tdf	IPData.hpi!canbuild/zonhunt/zonhand.tdf	28	8518dcaeb5786578ba71d0fa252ce359028dd25e8aceedfa99644de19d19b192
member	canbuild/zonhunt/zonlode.tdf	IPData.hpi!canbuild/zonhunt/zonlode.tdf	28	5de3373a4dfdd926677dd9810fb446c627b216dfb2cb5e04ad6ef8039281a373
member	canbuild/zonhurt/zonfire.tdf	IPData.hpi!canbuild/zonhurt/zonfire.tdf	28	4a2e07a6715928e79e1267c4c4df69647552c49959f9202aa6d6db14ea2b878b
member	canbuild/zonhurt/zonglyph.tdf	IPData.hpi!canbuild/zonhurt/zonglyph.tdf	28	8518dcaeb5786578ba71d0fa252ce359028dd25e8aceedfa99644de19d19b192
member	canbuild/zonhurt/zonhand.tdf	IPData.hpi!canbuild/zonhurt/zonhand.tdf	28	a366cd9d71db635c092d2945a48db0144c2bb299f623207bfd5cc349c2c059f2
member	canbuild/zonhurt/zonlode.tdf	IPData.hpi!canbuild/zonhurt/zonlode.tdf	28	5de3373a4dfdd926677dd9810fb446c627b216dfb2cb5e04ad6ef8039281a373
member	canbuild/zonlord/zondrake.tdf	IPData.hpi!canbuild/zonlord/zondrake.tdf	28	e0737c4daae95115232943195c6d269d0ebc21724968da5338c6b602f4354dbe
member	canbuild/zonlord/zonflies.tdf	IPData.hpi!canbuild/zonlord/zonflies.tdf	28	a366cd9d71db635c092d2945a48db0144c2bb299f623207bfd5cc349c2c059f2
member	canbuild/zonlord/zongiant.tdf	IPData.hpi!canbuild/zonlord/zongiant.tdf	28	3e24c8bcef2755443140db8c27a9b404a155ccc41cb057d28f3b523b9638b957
member	canbuild/zonlord/zonlode.tdf	IPData.hpi!canbuild/zonlord/zonlode.tdf	28	4a2e07a6715928e79e1267c4c4df69647552c49959f9202aa6d6db14ea2b878b
member	canbuild/zonlord/zonorc.tdf	IPData.hpi!canbuild/zonlord/zonorc.tdf	28	8518dcaeb5786578ba71d0fa252ce359028dd25e8aceedfa99644de19d19b192
member	canbuild/zonlord/zonroc.tdf	IPData.hpi!canbuild/zonlord/zonroc.tdf	28	5de3373a4dfdd926677dd9810fb446c627b216dfb2cb5e04ad6ef8039281a373
member	canbuild/zonlord/zonsham.tdf	IPData.hpi!canbuild/zonlord/zonsham.tdf	28	7507dc6cec510274ba49d825bef620d3bfe173c929cb7519ee85b515c115f67b
member	canbuild/zonlord/zontrain.tdf	IPData.hpi!canbuild/zonlord/zontrain.tdf	28	f736d3e93a76eade89bd975a76484894c19b1cf728be0588eddf30ae55cf44b0
member	canbuild/zonsham/zonamoe.tdf	IPData.hpi!canbuild/zonsham/zonamoe.tdf	28	4a2e07a6715928e79e1267c4c4df69647552c49959f9202aa6d6db14ea2b878b
member	canbuild/zonsham/zonbar.tdf	IPData.hpi!canbuild/zonsham/zonbar.tdf	28	5de3373a4dfdd926677dd9810fb446c627b216dfb2cb5e04ad6ef8039281a373
member	canbuild/zonsham/zondrag.tdf	IPData.hpi!canbuild/zonsham/zondrag.tdf	28	3e24c8bcef2755443140db8c27a9b404a155ccc41cb057d28f3b523b9638b957
member	canbuild/zonsham/zonmana.tdf	IPData.hpi!canbuild/zonsham/zonmana.tdf	28	8518dcaeb5786578ba71d0fa252ce359028dd25e8aceedfa99644de19d19b192
member	canbuild/zontrain/zonbasil.tdf	IPData.hpi!canbuild/zontrain/zonbasil.tdf	28	3e24c8bcef2755443140db8c27a9b404a155ccc41cb057d28f3b523b9638b957
member	canbuild/zontrain/zonglyph.tdf	IPData.hpi!canbuild/zontrain/zonglyph.tdf	28	f736d3e93a76eade89bd975a76484894c19b1cf728be0588eddf30ae55cf44b0
member	canbuild/zontrain/zongryp.tdf	IPData.hpi!canbuild/zontrain/zongryp.tdf	28	8518dcaeb5786578ba71d0fa252ce359028dd25e8aceedfa99644de19d19b192
member	canbuild/zontrain/zonhand.tdf	IPData.hpi!canbuild/zontrain/zonhand.tdf	28	7507dc6cec510274ba49d825bef620d3bfe173c929cb7519ee85b515c115f67b
member	canbuild/zontrain/zonharp.tdf	IPData.hpi!canbuild/zontrain/zonharp.tdf	28	e0737c4daae95115232943195c6d269d0ebc21724968da5338c6b602f4354dbe
member	canbuild/zontrain/zonkrak.tdf	IPData.hpi!canbuild/zontrain/zonkrak.tdf	28	5de3373a4dfdd926677dd9810fb446c627b216dfb2cb5e04ad6ef8039281a373
member	canbuild/zontrain/zonlode.tdf	IPData.hpi!canbuild/zontrain/zonlode.tdf	28	4a2e07a6715928e79e1267c4c4df69647552c49959f9202aa6d6db14ea2b878b
member	canbuild/zontrain/zonlord.tdf	IPData.hpi!canbuild/zontrain/zonlord.tdf	28	12f387c38f8001c1d2b222e3c536e24093ed8283cd3556278238658b3cce2cc6
member	canbuild/zontrain/zonwolf.tdf	IPData.hpi!canbuild/zontrain/zonwolf.tdf	28	a366cd9d71db635c092d2945a48db0144c2bb299f623207bfd5cc349c2c059f2
member	CanBuildCB/AraBuild/ARALODE.TDF	V3Rocket.hpi!CanBuildCB/AraBuild/ARALODE.TDF	28	5de3373a4dfdd926677dd9810fb446c627b216dfb2cb5e04ad6ef8039281a373
member	CanBuildCB/AraBuild/ARASSH.TDF	V3Rocket.hpi!CanBuildCB/AraBuild/ARASSH.TDF	28	3e24c8bcef2755443140db8c27a9b404a155ccc41cb057d28f3b523b9638b957
member	CanBuildCB/AraBuild/ARATRE.TDF	V3Rocket.hpi!CanBuildCB/AraBuild/ARATRE.TDF	28	e0737c4daae95115232943195c6d269d0ebc21724968da5338c6b602f4354dbe
member	CanBuildCB/AraBuild/ARAWAR.TDF	V3Rocket.hpi!CanBuildCB/AraBuild/ARAWAR.TDF	28	8518dcaeb5786578ba71d0fa252ce359028dd25e8aceedfa99644de19d19b192
member	CanBuildCB/AraBuild/AraAt.tdf	V3Rocket.hpi!CanBuildCB/AraBuild/AraAt.tdf	28	a366cd9d71db635c092d2945a48db0144c2bb299f623207bfd5cc349c2c059f2
member	CanBuildCB/AraBuild/AraCastl.tdf	V3Rocket.hpi!CanBuildCB/AraBuild/AraCastl.tdf	28	7507dc6cec510274ba49d825bef620d3bfe173c929cb7519ee85b515c115f67b
member	CanBuildCB/AraBuild/AraKeep.tdf	V3Rocket.hpi!CanBuildCB/AraBuild/AraKeep.tdf	28	f736d3e93a76eade89bd975a76484894c19b1cf728be0588eddf30ae55cf44b0
member	CanBuildCB/AraBuild/AraWall.tdf	V3Rocket.hpi!CanBuildCB/AraBuild/AraWall.tdf	28	4a2e07a6715928e79e1267c4c4df69647552c49959f9202aa6d6db14ea2b878b
member	CanBuildCB/AraCastl/ARABROAD.TDF	V3Rocket.hpi!CanBuildCB/AraCastl/ARABROAD.TDF	28	4a2e07a6715928e79e1267c4c4df69647552c49959f9202aa6d6db14ea2b878b
member	CanBuildCB/AraCastl/ARACAN.TDF	V3Rocket.hpi!CanBuildCB/AraCastl/ARACAN.TDF	28	3e24c8bcef2755443140db8c27a9b404a155ccc41cb057d28f3b523b9638b957
member	CanBuildCB/AraCastl/ARAPAL.TDF	V3Rocket.hpi!CanBuildCB/AraCastl/ARAPAL.TDF	28	8518dcaeb5786578ba71d0fa252ce359028dd25e8aceedfa99644de19d19b192
member	CanBuildCB/AraCastl/ARASMITH.TDF	V3Rocket.hpi!CanBuildCB/AraCastl/ARASMITH.TDF	28	a366cd9d71db635c092d2945a48db0144c2bb299f623207bfd5cc349c2c059f2
member	CanBuildCB/AraCastl/ARASPY.TDF	V3Rocket.hpi!CanBuildCB/AraCastl/ARASPY.TDF	28	e0737c4daae95115232943195c6d269d0ebc21724968da5338c6b602f4354dbe
member	CanBuildCB/AraCastl/AraBow.tdf	V3Rocket.hpi!CanBuildCB/AraCastl/AraBow.tdf	28	5de3373a4dfdd926677dd9810fb446c627b216dfb2cb5e04ad6ef8039281a373
member	CanBuildCB/AraCastl/AraBuild.tdf	V3Rocket.hpi!CanBuildCB/AraCastl/AraBuild.tdf	28	7507dc6cec510274ba49d825bef620d3bfe173c929cb7519ee85b515c115f67b
member	CanBuildCB/AraCastl/AraGren.tdf	V3Rocket.hpi!CanBuildCB/AraCastl/AraGren.tdf	30	149a2472d4d8d067edb25593509ace0ec1846450fae481b17d490749134f4404
member	CanBuildCB/AraCastl/AraPries.tdf	V3Rocket.hpi!CanBuildCB/AraCastl/AraPries.tdf	28	12f387c38f8001c1d2b222e3c536e24093ed8283cd3556278238658b3cce2cc6
member	CanBuildCB/AraCastl/AraSiege.tdf	V3Rocket.hpi!CanBuildCB/AraCastl/AraSiege.tdf	28	f736d3e93a76eade89bd975a76484894c19b1cf728be0588eddf30ae55cf44b0
member	CanBuildCB/AraFly/ARAAT.TDF	V3Rocket.hpi!CanBuildCB/AraFly/ARAAT.TDF	28	a366cd9d71db635c092d2945a48db0144c2bb299f623207bfd5cc349c2c059f2
member	CanBuildCB/AraFly/ARACASTL.TDF	V3Rocket.hpi!CanBuildCB/AraFly/ARACASTL.TDF	28	7507dc6cec510274ba49d825bef620d3bfe173c929cb7519ee85b515c115f67b
member	CanBuildCB/AraFly/ARAKEEP.TDF	V3Rocket.hpi!CanBuildCB/AraFly/ARAKEEP.TDF	28	f736d3e93a76eade89bd975a76484894c19b1cf728be0588eddf30ae55cf44b0
member	CanBuildCB/AraFly/ARALODE.TDF	V3Rocket.hpi!CanBuildCB/AraFly/ARALODE.TDF	28	8518dcaeb5786578ba71d0fa252ce359028dd25e8aceedfa99644de19d19b192
member	CanBuildCB/AraFly/ARASSH.TDF	V3Rocket.hpi!CanBuildCB/AraFly/ARASSH.TDF	28	e0737c4daae95115232943195c6d269d0ebc21724968da5338c6b602f4354dbe
member	CanBuildCB/AraFly/ARATRE.TDF	V3Rocket.hpi!CanBuildCB/AraFly/ARATRE.TDF	28	5de3373a4dfdd926677dd9810fb446c627b216dfb2cb5e04ad6ef8039281a373
member	CanBuildCB/AraFly/ARAWALL.TDF	V3Rocket.hpi!CanBuildCB/AraFly/ARAWALL.TDF	28	4a2e07a6715928e79e1267c4c4df69647552c49959f9202aa6d6db14ea2b878b
member	CanBuildCB/AraFly/ARAWAR.TDF	V3Rocket.hpi!CanBuildCB/AraFly/ARAWAR.TDF	28	3e24c8bcef2755443140db8c27a9b404a155ccc41cb057d28f3b523b9638b957
member	CanBuildCB/AraFly/AraSiege.tdf	V3Rocket.hpi!CanBuildCB/AraFly/AraSiege.tdf	28	12f387c38f8001c1d2b222e3c536e24093ed8283cd3556278238658b3cce2cc6
member	CanBuildCB/AraKeep/ARAARCH.TDF	V3Rocket.hpi!CanBuildCB/AraKeep/ARAARCH.TDF	28	8518dcaeb5786578ba71d0fa252ce359028dd25e8aceedfa99644de19d19b192
member	CanBuildCB/AraKeep/AraBuild.tdf	V3Rocket.hpi!CanBuildCB/AraKeep/AraBuild.tdf	28	e0737c4daae95115232943195c6d269d0ebc21724968da5338c6b602f4354dbe
member	CanBuildCB/AraKeep/AraFast.tdf	V3Rocket.hpi!CanBuildCB/AraKeep/AraFast.tdf	28	4a2e07a6715928e79e1267c4c4df69647552c49959f9202aa6d6db14ea2b878b
member	CanBuildCB/AraKeep/AraKnigh.tdf	V3Rocket.hpi!CanBuildCB/AraKeep/AraKnigh.tdf	28	a366cd9d71db635c092d2945a48db0144c2bb299f623207bfd5cc349c2c059f2
member	CanBuildCB/AraKeep/AraPult.tdf	V3Rocket.hpi!CanBuildCB/AraKeep/AraPult.tdf	28	3e24c8bcef2755443140db8c27a9b404a155ccc41cb057d28f3b523b9638b957
member	CanBuildCB/AraKeep/Arasword.tdf	V3Rocket.hpi!CanBuildCB/AraKeep/Arasword.tdf	28	5de3373a4dfdd926677dd9810fb446c627b216dfb2cb5e04ad6ef8039281a373
member	CanBuildCB/AraKing/ARAAT.TDF	V3Rocket.hpi!CanBuildCB/AraKing/ARAAT.TDF	28	a366cd9d71db635c092d2945a48db0144c2bb299f623207bfd5cc349c2c059f2
member	CanBuildCB/AraKing/ARAKEEP.TDF	V3Rocket.hpi!CanBuildCB/AraKing/ARAKEEP.TDF	28	e0737c4daae95115232943195c6d269d0ebc21724968da5338c6b602f4354dbe
member	CanBuildCB/AraKing/ARATRANS.TDF	V3Rocket.hpi!CanBuildCB/AraKing/ARATRANS.TDF	28	3e24c8bcef2755443140db8c27a9b404a155ccc41cb057d28f3b523b9638b957
member	CanBuildCB/AraKing/AraLode.TDF	V3Rocket.hpi!CanBuildCB/AraKing/AraLode.TDF	28	8518dcaeb5786578ba71d0fa252ce359028dd25e8aceedfa99644de19d19b192
member	CanBuildCB/AraKing/AraNGate.TDF	V3Rocket.hpi!CanBuildCB/AraKing/AraNGate.TDF	28	5de3373a4dfdd926677dd9810fb446c627b216dfb2cb5e04ad6ef8039281a373
member	CanBuildCB/AraKing/AraWall.TDF	V3Rocket.hpi!CanBuildCB/AraKing/AraWall.TDF	28	4a2e07a6715928e79e1267c4c4df69647552c49959f9202aa6d6db14ea2b878b
member	CanBuildCB/AraPries/AraDrag.tdf	V3Rocket.hpi!CanBuildCB/AraPries/AraDrag.tdf	28	5de3373a4dfdd926677dd9810fb446c627b216dfb2cb5e04ad6ef8039281a373
member	CanBuildCB/AraPries/AraFly.tdf	V3Rocket.hpi!CanBuildCB/AraPries/AraFly.tdf	28	a366cd9d71db635c092d2945a48db0144c2bb299f623207bfd5cc349c2c059f2
member	CanBuildCB/AraPries/AraGod.TDF	V3Rocket.hpi!CanBuildCB/AraPries/AraGod.TDF	29	d9ade08a011e24d034778fb7490d6213546a57ec7ee741759eaa07b5cbaf0d72
member	CanBuildCB/AraPries/AraMana.tdf	V3Rocket.hpi!CanBuildCB/AraPries/AraMana.tdf	28	4a2e07a6715928e79e1267c4c4df69647552c49959f9202aa6d6db14ea2b878b
member	CanBuildCB/AraTrans/ARAARCH.TDF	V3Rocket.hpi!CanBuildCB/AraTrans/ARAARCH.TDF	28	8518dcaeb5786578ba71d0fa252ce359028dd25e8aceedfa99644de19d19b192
member	CanBuildCB/AraTrans/AraFast.tdf	V3Rocket.hpi!CanBuildCB/AraTrans/AraFast.tdf	28	4a2e07a6715928e79e1267c4c4df69647552c49959f9202aa6d6db14ea2b878b
member	CanBuildCB/AraTrans/Arasword.tdf	V3Rocket.hpi!CanBuildCB/AraTrans/Arasword.tdf	28	5de3373a4dfdd926677dd9810fb446c627b216dfb2cb5e04ad6ef8039281a373
member	CanBuildCB/TarCastl/TARBLACK.TDF	V3Rocket.hpi!CanBuildCB/TarCastl/TARBLACK.TDF	28	a366cd9d71db635c092d2945a48db0144c2bb299f623207bfd5cc349c2c059f2
member	CanBuildCB/TarCastl/TARSHIP.TDF	V3Rocket.hpi!CanBuildCB/TarCastl/TARSHIP.TDF	28	3e24c8bcef2755443140db8c27a9b404a155ccc41cb057d28f3b523b9638b957
member	CanBuildCB/TarCastl/TARTROOP.TDF	V3Rocket.hpi!CanBuildCB/TarCastl/TARTROOP.TDF	28	8518dcaeb5786578ba71d0fa252ce359028dd25e8aceedfa99644de19d19b192
member	CanBuildCB/TarCastl/TarGarg.tdf	V3Rocket.hpi!CanBuildCB/TarCastl/TarGarg.tdf	28	4a2e07a6715928e79e1267c4c4df69647552c49959f9202aa6d6db14ea2b878b
member	CanBuildCB/TarCastl/TarTb.tdf	V3Rocket.hpi!CanBuildCB/TarCastl/TarTb.tdf	28	e0737c4daae95115232943195c6d269d0ebc21724968da5338c6b602f4354dbe
member	CanBuildCB/TarCastl/TarZom.tdf	V3Rocket.hpi!CanBuildCB/TarCastl/TarZom.tdf	28	5de3373a4dfdd926677dd9810fb446c627b216dfb2cb5e04ad6ef8039281a373
member	CanBuildCB/TarDung/TARBEAK.TDF	V3Rocket.hpi!CanBuildCB/TarDung/TARBEAK.TDF	28	a366cd9d71db635c092d2945a48db0144c2bb299f623207bfd5cc349c2c059f2
member	CanBuildCB/TarDung/TARWITCH.TDF	V3Rocket.hpi!CanBuildCB/TarDung/TARWITCH.TDF	28	8518dcaeb5786578ba71d0fa252ce359028dd25e8aceedfa99644de19d19b192
member	CanBuildCB/TarDung/TarArch.tdf	V3Rocket.hpi!CanBuildCB/TarDung/TarArch.tdf	28	4a2e07a6715928e79e1267c4c4df69647552c49959f9202aa6d6db14ea2b878b
member	CanBuildCB/TarDung/TarCan.tdf	V3Rocket.hpi!CanBuildCB/TarDung/TarCan.tdf	28	3e24c8bcef2755443140db8c27a9b404a155ccc41cb057d28f3b523b9638b957
member	CanBuildCB/TarDung/TarFire.tdf	V3Rocket.hpi!CanBuildCB/TarDung/TarFire.tdf	28	5de3373a4dfdd926677dd9810fb446c627b216dfb2cb5e04ad6ef8039281a373
member	CanBuildCB/TarDung/TarHand.tdf	V3Rocket.hpi!CanBuildCB/TarDung/TarHand.tdf	28	e0737c4daae95115232943195c6d269d0ebc21724968da5338c6b602f4354dbe
member	CanBuildCB/TarDung/TarTb.tdf	V3Rocket.hpi!CanBuildCB/TarDung/TarTb.tdf	28	f736d3e93a76eade89bd975a76484894c19b1cf728be0588eddf30ae55cf44b0
member	CanBuildCB/TarHell/TARDEMON.TDF	V3Rocket.hpi!CanBuildCB/TarHell/TARDEMON.TDF	28	8518dcaeb5786578ba71d0fa252ce359028dd25e8aceedfa99644de19d19b192
member	CanBuildCB/TarHell/TARKAM.TDF	V3Rocket.hpi!CanBuildCB/TarHell/TARKAM.TDF	28	a366cd9d71db635c092d2945a48db0144c2bb299f623207bfd5cc349c2c059f2
member	CanBuildCB/TarHell/TARLICH.TDF	V3Rocket.hpi!CanBuildCB/TarHell/TARLICH.TDF	28	4a2e07a6715928e79e1267c4c4df69647552c49959f9202aa6d6db14ea2b878b
member	CanBuildCB/TarHell/TARMAGE.TDF	V3Rocket.hpi!CanBuildCB/TarHell/TARMAGE.TDF	28	3e24c8bcef2755443140db8c27a9b404a155ccc41cb057d28f3b523b9638b957
member	CanBuildCB/TarHell/TARMIND.TDF	V3Rocket.hpi!CanBuildCB/TarHell/TARMIND.TDF	28	e0737c4daae95115232943195c6d269d0ebc21724968da5338c6b602f4354dbe
member	CanBuildCB/TarHell/TARSPOUT.TDF	V3Rocket.hpi!CanBuildCB/TarHell/TARSPOUT.TDF	28	5de3373a4dfdd926677dd9810fb446c627b216dfb2cb5e04ad6ef8039281a373
member	CanBuildCB/TarHell/TarKnigh.tdf	V3Rocket.hpi!CanBuildCB/TarHell/TarKnigh.tdf	28	f736d3e93a76eade89bd975a76484894c19b1cf728be0588eddf30ae55cf44b0
member	CanBuildCB/TarHell/TarPries.tdf	V3Rocket.hpi!CanBuildCB/TarHell/TarPries.tdf	28	12f387c38f8001c1d2b222e3c536e24093ed8283cd3556278238658b3cce2cc6
member	CanBuildCB/TarHell/TarTb.tdf	V3Rocket.hpi!CanBuildCB/TarHell/TarTb.tdf	28	7507dc6cec510274ba49d825bef620d3bfe173c929cb7519ee85b515c115f67b
member	CanBuildCB/TarNecro/TARLODE.TDF	V3Rocket.hpi!CanBuildCB/TarNecro/TARLODE.TDF	28	5de3373a4dfdd926677dd9810fb446c627b216dfb2cb5e04ad6ef8039281a373
member	CanBuildCB/TarNecro/TARNGATE.TDF	V3Rocket.hpi!CanBuildCB/TarNecro/TARNGATE.TDF	28	8518dcaeb5786578ba71d0fa252ce359028dd25e8aceedfa99644de19d19b192
member	CanBuildCB/TarNecro/TarCage.tdf	V3Rocket.hpi!CanBuildCB/TarNecro/TarCage.tdf	28	a366cd9d71db635c092d2945a48db0144c2bb299f623207bfd5cc349c2c059f2
member	CanBuildCB/TarNecro/TarCastl.tdf	V3Rocket.hpi!CanBuildCB/TarNecro/TarCastl.tdf	28	3e24c8bcef2755443140db8c27a9b404a155ccc41cb057d28f3b523b9638b957
member	CanBuildCB/TarNecro/TarDung.tdf	V3Rocket.hpi!CanBuildCB/TarNecro/TarDung.tdf	28	e0737c4daae95115232943195c6d269d0ebc21724968da5338c6b602f4354dbe
member	CanBuildCB/TarNecro/TarHell.tdf	V3Rocket.hpi!CanBuildCB/TarNecro/TarHell.tdf	28	f736d3e93a76eade89bd975a76484894c19b1cf728be0588eddf30ae55cf44b0
member	CanBuildCB/TarNecro/TarWall.tdf	V3Rocket.hpi!CanBuildCB/TarNecro/TarWall.tdf	28	4a2e07a6715928e79e1267c4c4df69647552c49959f9202aa6d6db14ea2b878b
member	CanBuildCB/TarPrie2/NPCTEMP.TDF	V3Rocket.hpi!CanBuildCB/TarPrie2/NPCTEMP.TDF	28	4a2e07a6715928e79e1267c4c4df69647552c49959f9202aa6d6db14ea2b878b
member	CanBuildCB/TarPries/TARANG.TDF	V3Rocket.hpi!CanBuildCB/TarPries/TARANG.TDF	28	5de3373a4dfdd926677dd9810fb446c627b216dfb2cb5e04ad6ef8039281a373
member	CanBuildCB/TarPries/TARGOD.TDF	V3Rocket.hpi!CanBuildCB/TarPries/TARGOD.TDF	29	d9ade08a011e24d034778fb7490d6213546a57ec7ee741759eaa07b5cbaf0d72
member	CanBuildCB/TarPries/TarDrag.tdf	V3Rocket.hpi!CanBuildCB/TarPries/TarDrag.tdf	28	8518dcaeb5786578ba71d0fa252ce359028dd25e8aceedfa99644de19d19b192
member	CanBuildCB/TarPries/TarMana.tdf	V3Rocket.hpi!CanBuildCB/TarPries/TarMana.tdf	28	4a2e07a6715928e79e1267c4c4df69647552c49959f9202aa6d6db14ea2b878b
member	CanBuildCB/TarTb/TarCage.tdf	V3Rocket.hpi!CanBuildCB/TarTb/TarCage.tdf	28	8518dcaeb5786578ba71d0fa252ce359028dd25e8aceedfa99644de19d19b192
member	CanBuildCB/TarTb/TarCastl.tdf	V3Rocket.hpi!CanBuildCB/TarTb/TarCastl.tdf	28	3e24c8bcef2755443140db8c27a9b404a155ccc41cb057d28f3b523b9638b957
member	CanBuildCB/TarTb/TarDung.tdf	V3Rocket.hpi!CanBuildCB/TarTb/TarDung.tdf	28	e0737c4daae95115232943195c6d269d0ebc21724968da5338c6b602f4354dbe
member	CanBuildCB/TarTb/TarHell.tdf	V3Rocket.hpi!CanBuildCB/TarTb/TarHell.tdf	28	f736d3e93a76eade89bd975a76484894c19b1cf728be0588eddf30ae55cf44b0
member	CanBuildCB/TarTb/TarLode.tdf	V3Rocket.hpi!CanBuildCB/TarTb/TarLode.tdf	28	5de3373a4dfdd926677dd9810fb446c627b216dfb2cb5e04ad6ef8039281a373
member	CanBuildCB/TarTb/TarSh.tdf	V3Rocket.hpi!CanBuildCB/TarTb/TarSh.tdf	28	a366cd9d71db635c092d2945a48db0144c2bb299f623207bfd5cc349c2c059f2
member	CanBuildCB/TarTb/TarWall.tdf	V3Rocket.hpi!CanBuildCB/TarTb/TarWall.tdf	28	4a2e07a6715928e79e1267c4c4df69647552c49959f9202aa6d6db14ea2b878b
member	CanBuildCB/VERASY/VERMAN.TDF	V3Rocket.hpi!CanBuildCB/VERASY/VERMAN.TDF	28	a366cd9d71db635c092d2945a48db0144c2bb299f623207bfd5cc349c2c059f2
member	CanBuildCB/VERASY/VERSCOUT.TDF	V3Rocket.hpi!CanBuildCB/VERASY/VERSCOUT.TDF	28	4a2e07a6715928e79e1267c4c4df69647552c49959f9202aa6d6db14ea2b878b
member	CanBuildCB/VERASY/VERTRANS.TDF	V3Rocket.hpi!CanBuildCB/VERASY/VERTRANS.TDF	28	8518dcaeb5786578ba71d0fa252ce359028dd25e8aceedfa99644de19d19b192
member	CanBuildCB/VERASY/VERTRE.TDF	V3Rocket.hpi!CanBuildCB/VERASY/VERTRE.TDF	28	3e24c8bcef2755443140db8c27a9b404a155ccc41cb057d28f3b523b9638b957
member	CanBuildCB/VERASY/VerFlag.tdf	V3Rocket.hpi!CanBuildCB/VERASY/VerFlag.tdf	28	e0737c4daae95115232943195c6d269d0ebc21724968da5338c6b602f4354dbe
member	CanBuildCB/VERASY/VerHarp.tdf	V3Rocket.hpi!CanBuildCB/VERASY/VerHarp.tdf	28	5de3373a4dfdd926677dd9810fb446c627b216dfb2cb5e04ad6ef8039281a373
member	CanBuildCB/VerCastl/VERBAL.TDF	V3Rocket.hpi!CanBuildCB/VerCastl/VERBAL.TDF	31	609cb6aec4fccc161fe472b9afaa5f2af4c5ba5829f3ba8e90934a28d1876272
member	CanBuildCB/VerCastl/VERBALL.TDF	V3Rocket.hpi!CanBuildCB/VerCastl/VERBALL.TDF	28	e0737c4daae95115232943195c6d269d0ebc21724968da5338c6b602f4354dbe
member	CanBuildCB/VerCastl/VERBERS.TDF	V3Rocket.hpi!CanBuildCB/VerCastl/VERBERS.TDF	28	4a2e07a6715928e79e1267c4c4df69647552c49959f9202aa6d6db14ea2b878b
member	CanBuildCB/VerCastl/VERCEN.TDF	V3Rocket.hpi!CanBuildCB/VerCastl/VERCEN.TDF	30	8c0bca9e231549cad261114600377d76a636d55e43612ea92c4208329fa53655
member	CanBuildCB/VerCastl/VERCRUS.TDF	V3Rocket.hpi!CanBuildCB/VerCastl/VERCRUS.TDF	28	a366cd9d71db635c092d2945a48db0144c2bb299f623207bfd5cc349c2c059f2
member	CanBuildCB/VerCastl/VERKNIGH.TDF	V3Rocket.hpi!CanBuildCB/VerCastl/VERKNIGH.TDF	28	3e24c8bcef2755443140db8c27a9b404a155ccc41cb057d28f3b523b9638b957
member	CanBuildCB/VerCastl/VERMUSK.TDF	V3Rocket.hpi!CanBuildCB/VerCastl/VERMUSK.TDF	28	8518dcaeb5786578ba71d0fa252ce359028dd25e8aceedfa99644de19d19b192
member	CanBuildCB/VerCastl/VerLiege.tdf	V3Rocket.hpi!CanBuildCB/VerCastl/VerLiege.tdf	28	f736d3e93a76eade89bd975a76484894c19b1cf728be0588eddf30ae55cf44b0
member	CanBuildCB/VerCastl/VerLihr.tdf	V3Rocket.hpi!CanBuildCB/VerCastl/VerLihr.tdf	28	7507dc6cec510274ba49d825bef620d3bfe173c929cb7519ee85b515c115f67b
member	CanBuildCB/VerFlag/VERASY.TDF	V3Rocket.hpi!CanBuildCB/VerFlag/VERASY.TDF	28	a366cd9d71db635c092d2945a48db0144c2bb299f623207bfd5cc349c2c059f2
member	CanBuildCB/VerFlag/VERFLTWR.TDF	V3Rocket.hpi!CanBuildCB/VerFlag/VERFLTWR.TDF	28	5de3373a4dfdd926677dd9810fb446c627b216dfb2cb5e04ad6ef8039281a373
member	CanBuildCB/VerFlag/VerKeep.tdf	V3Rocket.hpi!CanBuildCB/VerFlag/VerKeep.tdf	28	8518dcaeb5786578ba71d0fa252ce359028dd25e8aceedfa99644de19d19b192
member	CanBuildCB/VerFlag/VerLight.tdf	V3Rocket.hpi!CanBuildCB/VerFlag/VerLight.tdf	28	a366cd9d71db635c092d2945a48db0144c2bb299f623207bfd5cc349c2c059f2
member	CanBuildCB/VerFlag/Verlode.tdf	V3Rocket.hpi!CanBuildCB/VerFlag/Verlode.tdf	28	4a2e07a6715928e79e1267c4c4df69647552c49959f9202aa6d6db14ea2b878b
member	CanBuildCB/VerKeep/VERARCH.TDF	V3Rocket.hpi!CanBuildCB/VerKeep/VERARCH.TDF	28	8518dcaeb5786578ba71d0fa252ce359028dd25e8aceedfa99644de19d19b192
member	CanBuildCB/VerKeep/VERSWORD.TDF	V3Rocket.hpi!CanBuildCB/VerKeep/VERSWORD.TDF	28	5de3373a4dfdd926677dd9810fb446c627b216dfb2cb5e04ad6ef8039281a373
member	CanBuildCB/VerKeep/VerLiege.tdf	V3Rocket.hpi!CanBuildCB/VerKeep/VerLiege.tdf	28	e0737c4daae95115232943195c6d269d0ebc21724968da5338c6b602f4354dbe
member	CanBuildCB/VerKeep/VerMer.tdf	V3Rocket.hpi!CanBuildCB/VerKeep/VerMer.tdf	28	3e24c8bcef2755443140db8c27a9b404a155ccc41cb057d28f3b523b9638b957
member	CanBuildCB/VerKeep/VerPult.tdf	V3Rocket.hpi!CanBuildCB/VerKeep/VerPult.tdf	28	a366cd9d71db635c092d2945a48db0144c2bb299f623207bfd5cc349c2c059f2
member	CanBuildCB/VerKeep/Verpar.tdf	V3Rocket.hpi!CanBuildCB/VerKeep/Verpar.tdf	28	4a2e07a6715928e79e1267c4c4df69647552c49959f9202aa6d6db14ea2b878b
member	CanBuildCB/VerLiege/VERASY.TDF	V3Rocket.hpi!CanBuildCB/VerLiege/VERASY.TDF	28	7507dc6cec510274ba49d825bef620d3bfe173c929cb7519ee85b515c115f67b
member	CanBuildCB/VerLiege/VERAT.TDF	V3Rocket.hpi!CanBuildCB/VerLiege/VERAT.TDF	28	8518dcaeb5786578ba71d0fa252ce359028dd25e8aceedfa99644de19d19b192
member	CanBuildCB/VerLiege/VERLODE.TDF	V3Rocket.hpi!CanBuildCB/VerLiege/VERLODE.TDF	28	5de3373a4dfdd926677dd9810fb446c627b216dfb2cb5e04ad6ef8039281a373
member	CanBuildCB/VerLiege/VERMORT.TDF	V3Rocket.hpi!CanBuildCB/VerLiege/VERMORT.TDF	28	3e24c8bcef2755443140db8c27a9b404a155ccc41cb057d28f3b523b9638b957
member	CanBuildCB/VerLiege/VerCastl.TDF	V3Rocket.hpi!CanBuildCB/VerLiege/VerCastl.TDF	28	12f387c38f8001c1d2b222e3c536e24093ed8283cd3556278238658b3cce2cc6
member	CanBuildCB/VerLiege/VerKeep.TDF	V3Rocket.hpi!CanBuildCB/VerLiege/VerKeep.TDF	28	f736d3e93a76eade89bd975a76484894c19b1cf728be0588eddf30ae55cf44b0
member	CanBuildCB/VerLiege/VerLight.tdf	V3Rocket.hpi!CanBuildCB/VerLiege/VerLight.tdf	28	a366cd9d71db635c092d2945a48db0144c2bb299f623207bfd5cc349c2c059f2
member	CanBuildCB/VerLiege/VerTower.TDF	V3Rocket.hpi!CanBuildCB/VerLiege/VerTower.TDF	28	e0737c4daae95115232943195c6d269d0ebc21724968da5338c6b602f4354dbe
member	CanBuildCB/VerLiege/VerWall.tdf	V3Rocket.hpi!CanBuildCB/VerLiege/VerWall.tdf	28	4a2e07a6715928e79e1267c4c4df69647552c49959f9202aa6d6db14ea2b878b
member	CanBuildCB/VerLihr/VERGOD.TDF	V3Rocket.hpi!CanBuildCB/VerLihr/VERGOD.TDF	29	d9ade08a011e24d034778fb7490d6213546a57ec7ee741759eaa07b5cbaf0d72
member	CanBuildCB/VerLihr/VERPILL.TDF	V3Rocket.hpi!CanBuildCB/VerLihr/VERPILL.TDF	28	5de3373a4dfdd926677dd9810fb446c627b216dfb2cb5e04ad6ef8039281a373
member	CanBuildCB/VerLihr/VerDrag.tdf	V3Rocket.hpi!CanBuildCB/VerLihr/VerDrag.tdf	28	a366cd9d71db635c092d2945a48db0144c2bb299f623207bfd5cc349c2c059f2
member	CanBuildCB/VerLihr/VerMana.tdf	V3Rocket.hpi!CanBuildCB/VerLihr/VerMana.tdf	28	8518dcaeb5786578ba71d0fa252ce359028dd25e8aceedfa99644de19d19b192
member	CanBuildCB/VerMage/VERASY.TDF	V3Rocket.hpi!CanBuildCB/VerMage/VERASY.TDF	28	e0737c4daae95115232943195c6d269d0ebc21724968da5338c6b602f4354dbe
member	CanBuildCB/VerMage/VERAT.TDF	V3Rocket.hpi!CanBuildCB/VerMage/VERAT.TDF	28	a366cd9d71db635c092d2945a48db0144c2bb299f623207bfd5cc349c2c059f2
member	CanBuildCB/VerMage/VERLODE.TDF	V3Rocket.hpi!CanBuildCB/VerMage/VERLODE.TDF	28	5de3373a4dfdd926677dd9810fb446c627b216dfb2cb5e04ad6ef8039281a373
member	CanBuildCB/VerMage/VERNGATE.TDF	V3Rocket.hpi!CanBuildCB/VerMage/VERNGATE.TDF	28	8518dcaeb5786578ba71d0fa252ce359028dd25e8aceedfa99644de19d19b192
member	CanBuildCB/VerMage/VerKeep.tdf	V3Rocket.hpi!CanBuildCB/VerMage/VerKeep.tdf	28	3e24c8bcef2755443140db8c27a9b404a155ccc41cb057d28f3b523b9638b957
member	CanBuildCB/VerMage/VerWall.tdf	V3Rocket.hpi!CanBuildCB/VerMage/VerWall.tdf	28	4a2e07a6715928e79e1267c4c4df69647552c49959f9202aa6d6db14ea2b878b
member	CanBuildCB/ZonHand/ZONBAT.TDF	V3Rocket.hpi!CanBuildCB/ZonHand/ZONBAT.TDF	28	8518dcaeb5786578ba71d0fa252ce359028dd25e8aceedfa99644de19d19b192
member	CanBuildCB/ZonHand/ZONGOB.TDF	V3Rocket.hpi!CanBuildCB/ZonHand/ZONGOB.TDF	28	4a2e07a6715928e79e1267c4c4df69647552c49959f9202aa6d6db14ea2b878b
member	CanBuildCB/ZonHand/ZONLODE.TDF	V3Rocket.hpi!CanBuildCB/ZonHand/ZONLODE.TDF	28	e0737c4daae95115232943195c6d269d0ebc21724968da5338c6b602f4354dbe
member	CanBuildCB/ZonHand/ZONTER.TDF	V3Rocket.hpi!CanBuildCB/ZonHand/ZONTER.TDF	28	a366cd9d71db635c092d2945a48db0144c2bb299f623207bfd5cc349c2c059f2
member	CanBuildCB/ZonHand/ZONTROLL.TDF	V3Rocket.hpi!CanBuildCB/ZonHand/ZONTROLL.TDF	28	3e24c8bcef2755443140db8c27a9b404a155ccc41cb057d28f3b523b9638b957
member	CanBuildCB/ZonHand/ZonFire.tdf	V3Rocket.hpi!CanBuildCB/ZonHand/ZonFire.tdf	28	5de3373a4dfdd926677dd9810fb446c627b216dfb2cb5e04ad6ef8039281a373
member	CanBuildCB/ZonHand/ZonTrain.tdf	V3Rocket.hpi!CanBuildCB/ZonHand/ZonTrain.tdf	28	7507dc6cec510274ba49d825bef620d3bfe173c929cb7519ee85b515c115f67b
member	CanBuildCB/ZonHunt/ZONHAND.TDF	V3Rocket.hpi!CanBuildCB/ZonHunt/ZONHAND.TDF	28	8518dcaeb5786578ba71d0fa252ce359028dd25e8aceedfa99644de19d19b192
member	CanBuildCB/ZonHunt/ZonFire.tdf	V3Rocket.hpi!CanBuildCB/ZonHunt/ZonFire.tdf	28	4a2e07a6715928e79e1267c4c4df69647552c49959f9202aa6d6db14ea2b878b
member	CanBuildCB/ZonHunt/ZonGlyph.tdf	V3Rocket.hpi!CanBuildCB/ZonHunt/ZonGlyph.tdf	30	c81c7a15d54318696a8fdaa49eaa6457fe6440c0887a2cdac3450b05b2c72c90
member	CanBuildCB/ZonHunt/ZonLode.tdf	V3Rocket.hpi!CanBuildCB/ZonHunt/ZonLode.tdf	28	5de3373a4dfdd926677dd9810fb446c627b216dfb2cb5e04ad6ef8039281a373
member	CanBuildCB/ZonHurt/ZONHAND.TDF	V3Rocket.hpi!CanBuildCB/ZonHurt/ZONHAND.TDF	28	a366cd9d71db635c092d2945a48db0144c2bb299f623207bfd5cc349c2c059f2
member	CanBuildCB/ZonHurt/ZonFire.tdf	V3Rocket.hpi!CanBuildCB/ZonHurt/ZonFire.tdf	28	4a2e07a6715928e79e1267c4c4df69647552c49959f9202aa6d6db14ea2b878b
member	CanBuildCB/ZonHurt/ZonGlyph.tdf	V3Rocket.hpi!CanBuildCB/ZonHurt/ZonGlyph.tdf	28	8518dcaeb5786578ba71d0fa252ce359028dd25e8aceedfa99644de19d19b192
member	CanBuildCB/ZonHurt/ZonLode.tdf	V3Rocket.hpi!CanBuildCB/ZonHurt/ZonLode.tdf	28	5de3373a4dfdd926677dd9810fb446c627b216dfb2cb5e04ad6ef8039281a373
member	CanBuildCB/ZonLord/ZONDRAKE.TDF	V3Rocket.hpi!CanBuildCB/ZonLord/ZONDRAKE.TDF	28	e0737c4daae95115232943195c6d269d0ebc21724968da5338c6b602f4354dbe
member	CanBuildCB/ZonLord/ZONGIANT.TDF	V3Rocket.hpi!CanBuildCB/ZonLord/ZONGIANT.TDF	28	3e24c8bcef2755443140db8c27a9b404a155ccc41cb057d28f3b523b9638b957
member	CanBuildCB/ZonLord/ZONORC.TDF	V3Rocket.hpi!CanBuildCB/ZonLord/ZONORC.TDF	28	8518dcaeb5786578ba71d0fa252ce359028dd25e8aceedfa99644de19d19b192
member	CanBuildCB/ZonLord/ZONTRAIN.TDF	V3Rocket.hpi!CanBuildCB/ZonLord/ZONTRAIN.TDF	28	f736d3e93a76eade89bd975a76484894c19b1cf728be0588eddf30ae55cf44b0
member	CanBuildCB/ZonLord/ZonFlies.tdf	V3Rocket.hpi!CanBuildCB/ZonLord/ZonFlies.tdf	28	a366cd9d71db635c092d2945a48db0144c2bb299f623207bfd5cc349c2c059f2
member	CanBuildCB/ZonLord/ZonLode.tdf	V3Rocket.hpi!CanBuildCB/ZonLord/ZonLode.tdf	28	4a2e07a6715928e79e1267c4c4df69647552c49959f9202aa6d6db14ea2b878b
member	CanBuildCB/ZonLord/ZonRoc.tdf	V3Rocket.hpi!CanBuildCB/ZonLord/ZonRoc.tdf	28	5de3373a4dfdd926677dd9810fb446c627b216dfb2cb5e04ad6ef8039281a373
member	CanBuildCB/ZonLord/ZonSham.tdf	V3Rocket.hpi!CanBuildCB/ZonLord/ZonSham.tdf	28	7507dc6cec510274ba49d825bef620d3bfe173c929cb7519ee85b515c115f67b
member	CanBuildCB/ZonSham/ZONGOD.TDF	V3Rocket.hpi!CanBuildCB/ZonSham/ZONGOD.TDF	29	d9ade08a011e24d034778fb7490d6213546a57ec7ee741759eaa07b5cbaf0d72
member	CanBuildCB/ZonSham/ZonDrag.tdf	V3Rocket.hpi!CanBuildCB/ZonSham/ZonDrag.tdf	28	3e24c8bcef2755443140db8c27a9b404a155ccc41cb057d28f3b523b9638b957
member	CanBuildCB/ZonSham/ZonMana.tdf	V3Rocket.hpi!CanBuildCB/ZonSham/ZonMana.tdf	28	8518dcaeb5786578ba71d0fa252ce359028dd25e8aceedfa99644de19d19b192
member	CanBuildCB/ZonTrain/ZONGRYP.TDF	V3Rocket.hpi!CanBuildCB/ZonTrain/ZONGRYP.TDF	28	8518dcaeb5786578ba71d0fa252ce359028dd25e8aceedfa99644de19d19b192
member	CanBuildCB/ZonTrain/ZONHAND.TDF	V3Rocket.hpi!CanBuildCB/ZonTrain/ZONHAND.TDF	28	7507dc6cec510274ba49d825bef620d3bfe173c929cb7519ee85b515c115f67b
member	CanBuildCB/ZonTrain/ZonAmoe.tdf	V3Rocket.hpi!CanBuildCB/ZonTrain/ZonAmoe.tdf	31	259aaff81226e8088e15dff24f413fc91a14b137e69640a15f4781fa54b0f7e1
member	CanBuildCB/ZonTrain/ZonBar.tdf	V3Rocket.hpi!CanBuildCB/ZonTrain/ZonBar.tdf	30	c81c7a15d54318696a8fdaa49eaa6457fe6440c0887a2cdac3450b05b2c72c90
member	CanBuildCB/ZonTrain/ZonBasil.tdf	V3Rocket.hpi!CanBuildCB/ZonTrain/ZonBasil.tdf	28	3e24c8bcef2755443140db8c27a9b404a155ccc41cb057d28f3b523b9638b957
member	CanBuildCB/ZonTrain/ZonGlyph.tdf	V3Rocket.hpi!CanBuildCB/ZonTrain/ZonGlyph.tdf	28	f736d3e93a76eade89bd975a76484894c19b1cf728be0588eddf30ae55cf44b0
member	CanBuildCB/ZonTrain/ZonHarp.tdf	V3Rocket.hpi!CanBuildCB/ZonTrain/ZonHarp.tdf	28	e0737c4daae95115232943195c6d269d0ebc21724968da5338c6b602f4354dbe
member	CanBuildCB/ZonTrain/ZonKrak.tdf	V3Rocket.hpi!CanBuildCB/ZonTrain/ZonKrak.tdf	28	5de3373a4dfdd926677dd9810fb446c627b216dfb2cb5e04ad6ef8039281a373
member	CanBuildCB/ZonTrain/ZonLode.tdf	V3Rocket.hpi!CanBuildCB/ZonTrain/ZonLode.tdf	28	4a2e07a6715928e79e1267c4c4df69647552c49959f9202aa6d6db14ea2b878b
member	CanBuildCB/ZonTrain/ZonLord.tdf	V3Rocket.hpi!CanBuildCB/ZonTrain/ZonLord.tdf	28	12f387c38f8001c1d2b222e3c536e24093ed8283cd3556278238658b3cce2cc6
member	CanBuildCB/ZonTrain/ZonSpide.tdf	V3Rocket.hpi!CanBuildCB/ZonTrain/ZonSpide.tdf	30	8c0bca9e231549cad261114600377d76a636d55e43612ea92c4208329fa53655
member	CanBuildCB/ZonTrain/ZonSwamp.TDF	V3Rocket.hpi!CanBuildCB/ZonTrain/ZonSwamp.TDF	30	b1e7a6783c993317a69f63df4874935b5efae38a172a540610fd463931004ad2
member	CanBuildCB/ZonTrain/ZonWolf.tdf	V3Rocket.hpi!CanBuildCB/ZonTrain/ZonWolf.tdf	28	a366cd9d71db635c092d2945a48db0144c2bb299f623207bfd5cc349c2c059f2
member	GameData/MOVEINFO.TDF	V3Rocket.hpi!GameData/MOVEINFO.TDF	1324	eeeff294c4c13fb596e9114e0b8afa628eff0a1d2d5c99ba3418e8479c1a62e4
member	GameData/explosions/explosions.tdf	V3Rocket.hpi!GameData/explosions/explosions.tdf	4123	5b25b580d1399de4cc62aff342458cf2d79e75c7bd8bc8fc8d0493a09b7bbb76
member	GameData/soundclasses/AraFly.tdf	V3Rocket.hpi!GameData/soundclasses/AraFly.tdf	297	f2313c9fa157fc2111f9b771d86fca167d09cb43ec3da6aae36736ca3ec08005
member	GameData/soundclasses/AraGren.tdf	V3Rocket.hpi!GameData/soundclasses/AraGren.tdf	300	00fed135ee43ffbf3f184a35db012526cb6c223487c18c81603ba19eddd9ac53
member	GameData/soundclasses/AraSiege.tdf	V3Rocket.hpi!GameData/soundclasses/AraSiege.tdf	303	c7bf0d16d1f90cc3de2c1cecd083cb5100ce694fae3de43ae3302b72f2ad1aac
member	GameData/soundclasses/TarCan.tdf	V3Rocket.hpi!GameData/soundclasses/TarCan.tdf	297	7e13987fb770ad7331aaabedcc7da3d2127789e7ced502cd7b1051a3e9f0a8f3
member	GameData/soundclasses/TarHand.tdf	V3Rocket.hpi!GameData/soundclasses/TarHand.tdf	300	5a16b32463a733997a7d0b7d1c4d7a69b8906e7dd7ece1214c4b313459f7b6f8
member	GameData/soundclasses/TarKam.tdf	V3Rocket.hpi!GameData/soundclasses/TarKam.tdf	297	8cad436f30768014dcec703888a360323bfb0213a419e44919cdd8f6e05d68ed
member	GameData/soundclasses/VerMer.tdf	V3Rocket.hpi!GameData/soundclasses/VerMer.tdf	297	a57da6ca324d275b74a35fe5b52e4c20dbbaf6d43ca50dd3feb3bfbff8ad6de7
member	GameData/soundclasses/Verlight.tdf	V3Rocket.hpi!GameData/soundclasses/Verlight.tdf	280	87c3db4e1b881a91f7961755ea62b2e2c9d59d7651a2eee116a2266c79c58aad
member	GameData/soundclasses/ZonSwamp.tdf	V3Rocket.hpi!GameData/soundclasses/ZonSwamp.tdf	303	5d1a215dc1dc57f5940a14109b6bbc22f22f8acee20fa9fe53fe21ba86c70b58
member	GameData/soundclasses/ZonWolf.tdf	V3Rocket.hpi!GameData/soundclasses/ZonWolf.tdf	300	f6cc33f54244ddfbcbed09dfda9b3e17e3f6d72d46335a871990b0b67610bd3d
member	GameData/soundclasses/aratrans.tdf	V3Rocket.hpi!GameData/soundclasses/aratrans.tdf	303	32674972efd4bf72d0022f10c9a5a0e34512731dba45f63b87137655c6950715
member	GameData/soundclasses/soundclasses.tdf	V3Rocket.hpi!GameData/soundclasses/soundclasses.tdf	9148	a54dd8b867bbae1264c1d999efd1eb00975f6f032df99e71f8559742258722b2
member	GameData/soundclasses/tarang.tdf	V3Rocket.hpi!GameData/soundclasses/tarang.tdf	297	367f30c8bc1b88f7f1f91a5925217812df71e26746ffc9b76626cd75985e420c
member	GameData/soundclasses/verbal.tdf	V3Rocket.hpi!GameData/soundclasses/verbal.tdf	297	fb7efee595f30aae72d0d3b3a7f278fdf27e7d5ff9d67791e9427aa494550908
member	GameData/soundclasses/vercen.tdf	V3Rocket.hpi!GameData/soundclasses/vercen.tdf	297	607e67845e45a0393a8300874cce77b0a74e708cdbf82d1faf396e9478f59528
member	GameData/soundclasses/zonamoe.tdf	V3Rocket.hpi!GameData/soundclasses/zonamoe.tdf	300	c45a22cfed5a44aa7b4d11cbe5d2e937a796a64ba7d2b29e2a268e1aa28a0cf9
member	GameData/soundclasses/zonbar.tdf	V3Rocket.hpi!GameData/soundclasses/zonbar.tdf	297	044f45f014ff5883d30ca9487ab0c93dcc408e14d6c4b8a99e0039e83a0b5275
member	gamedata/ainames.tdf	data.hpi!gamedata/ainames.tdf	884	ec744045a4dc2734e87d6e8aa04286b73bf078d4655b0286c2fd9f58fb7a8a8b
member	gamedata/damageflames/damageflames.tdf	data.hpi!gamedata/damageflames/damageflames.tdf	180	5fbdc4e2d997701a6d0379dcae8b992292f47cff45ddb828bf96ae8c425ed40b
member	gamedata/effects/effects.tdf	IPData.hpi!gamedata/effects/effects.tdf	4976	5ebbaf67597513fb6ef706e6347c09e8b97606e7fb31754c255676e71faba4f9
member	gamedata/gods.tdf	data.hpi!gamedata/gods.tdf	185	2f719a7fb4265cde71bb11ab541ffbf48a18e82aebe4801d2137b208b0002593
member	gamedata/interface.tdf	data.hpi!gamedata/interface.tdf	44	332f5917bec37387636f038993955128c897f81046043a669cbfd05116cefd1e
member	gamedata/keys.tdf	data.hpi!gamedata/keys.tdf	9339	125c8b9a306e97cd05b03a3afe80db821f2ae6eb3e8ba59ef0bd089cc26eaa92
member	gamedata/render.tdf	data.hpi!gamedata/render.tdf	40	52fa56f7431093c40b44d88b56e1f1d03b5256ffd477a399e6350bd00e31b229
member	gamedata/sidedata.tdf	IPData.hpi!gamedata/sidedata.tdf	4205	2d61a416d12e701a596a676dca7cebbc8b356e84125aaa1208bcdc51617052a3
member	gamedata/soundclasses/133_zhon_women.tdf	data.hpi!gamedata/soundclasses/133_zhon_women.tdf	649	75000b409efa94e1ba44c09ca652ac404a4f7efec0fe1f3bb43a47b8fd118437
member	gamedata/soundclasses/168_excited.tdf	data.hpi!gamedata/soundclasses/168_excited.tdf	442	758078e6b9e63584fd593d5da6135bfc73a2118d68bc54d683ecdf31b3f0e20c
member	gamedata/soundclasses/168_monsterous.tdf	data.hpi!gamedata/soundclasses/168_monsterous.tdf	664	1a7052511aeafbc54eeeb62f9c0cced5203965c0f3e1792fc00ea414d17fca05
member	gamedata/soundclasses/168_whispery_sly.tdf	data.hpi!gamedata/soundclasses/168_whispery_sly.tdf	552	5195ee9deaf9f6d1248ed165dd6805a9ce0af18376a46551b968bc0808b0a3de
member	gamedata/soundclasses/168_zhon_ men.tdf	data.hpi!gamedata/soundclasses/168_zhon_ men.tdf	533	2638c290c9154e3bef68ceda1a067701531e1ac98212c1f2580c2cdbeb39d1b8
member	gamedata/soundclasses/235_gogetter_builder.tdf	data.hpi!gamedata/soundclasses/235_gogetter_builder.tdf	670	d37a89a46819a2f816bc603e885ea77431083dd43c1d0eef2c5e7f82bc0d8e63
member	gamedata/soundclasses/258_killer_magic.tdf	data.hpi!gamedata/soundclasses/258_killer_magic.tdf	609	2fa3912fdbcc14c429dcc7e9a0b1de14933c67f7cdbc0313542fb11ed776961f
member	gamedata/soundclasses/ambient.tdf	data.hpi!gamedata/soundclasses/ambient.tdf	837	c8039eea15719bc55a7bb9ec3ddd53400e77447d2c12fd5983c7b5c8ba57ccc0
member	gamedata/soundclasses/araarch.tdf	data.hpi!gamedata/soundclasses/araarch.tdf	300	943f1df6f6a94b56c575190439d046b7b9f1f34b47fe7da2d99ba95076f0c629
member	gamedata/soundclasses/araat.tdf	data.hpi!gamedata/soundclasses/araat.tdf	274	dbbc01c7fd57c231f19ddf9d021e902bf9ac93243859d3bb9a261365902c1391
member	gamedata/soundclasses/arabow.tdf	data.hpi!gamedata/soundclasses/arabow.tdf	297	573a6843870abf9f2b760fe6da5fd0c0bddb6c558f5c9c82eaac245f0fa095f5
member	gamedata/soundclasses/arabroad.tdf	data.hpi!gamedata/soundclasses/arabroad.tdf	303	2c4f6cf3e254d0cf7284b4492fd813f6016075c9345c8d0a5281fb6890711eb0
member	gamedata/soundclasses/arabuild.tdf	data.hpi!gamedata/soundclasses/arabuild.tdf	303	b790b5f71598406b1acad2fddd5e23ca7c0df1637a86a8239bd428f2ad6c0551
member	gamedata/soundclasses/aracan.tdf	data.hpi!gamedata/soundclasses/aracan.tdf	297	caa80db5e2268c485fb8a4851ea3ae6c78afd07ba40f65caf032bfca06eb8eda
member	gamedata/soundclasses/aracastl.tdf	data.hpi!gamedata/soundclasses/aracastl.tdf	280	18d15168d65eaf0cba23f01cb8f38cfa33712a17028c7363f59963d22f3e6eec
member	gamedata/soundclasses/aradrag.tdf	data.hpi!gamedata/soundclasses/aradrag.tdf	300	adf4faca337648a92543f528fa0e8c5952b80159c3c16614a39809f472d1b645
member	gamedata/soundclasses/arafast.tdf	data.hpi!gamedata/soundclasses/arafast.tdf	300	5070f5ed1219de62afa505298c257fe7e5368fe574d597df5672e624cf67d6e8
member	gamedata/soundclasses/aragod.tdf	data.hpi!gamedata/soundclasses/aragod.tdf	297	040eba00e8a2b4503697f8298a7db81cae427193e5e61e10c229a575cc7425ac
member	gamedata/soundclasses/arakeep.tdf	data.hpi!gamedata/soundclasses/arakeep.tdf	278	3a73929fe4f221b16434fef515b57f2320e63cbda7ac5a46ba030628506c1aa3
member	gamedata/soundclasses/araking.tdf	data.hpi!gamedata/soundclasses/araking.tdf	256	af97d08682d9fd572fd8c2db25be8d621e2049fa588e760161110c2fa59bc625
member	gamedata/soundclasses/araknigh.tdf	data.hpi!gamedata/soundclasses/araknigh.tdf	303	c1a9624239fb2c65486d468b31e08adf929cc299416c115c2f1c4bf3c51f55a9
member	gamedata/soundclasses/aralode.tdf	data.hpi!gamedata/soundclasses/aralode.tdf	256	8b942f06c794a3d3b68449db6c53c0204b7604173e9b5478640eee983e88bdab
member	gamedata/soundclasses/aramana.tdf	data.hpi!gamedata/soundclasses/aramana.tdf	256	f46522e3f71320bddc1d4a5a4511c1ba856983bba6111324da1fa19ec93c027f
member	gamedata/soundclasses/arangate.tdf	data.hpi!gamedata/soundclasses/arangate.tdf	257	c6d2f9a05d12d29726a441eefdca0b7e873bcd71813772332f4bc595ec1c430b
member	gamedata/soundclasses/arapal.tdf	data.hpi!gamedata/soundclasses/arapal.tdf	297	83acd89ca2e6a886feb82144575b714e16ec076b486017fc530acf1e06463437
member	gamedata/soundclasses/arapries.tdf	data.hpi!gamedata/soundclasses/arapries.tdf	303	bcedb7de29997f53d147ca907e321786fdd6601cc0fd9d3e8a4232f8ca608792
member	gamedata/soundclasses/arapult.tdf	data.hpi!gamedata/soundclasses/arapult.tdf	300	b6c11d10f287624c2fefd071169c626e01741db85b5c84881131ba5bb6d4e2a5
member	gamedata/soundclasses/arasmith.tdf	data.hpi!gamedata/soundclasses/arasmith.tdf	303	570572e7fc9058c9109d811a740f9ff50fd3ec7492bff7b1f765ba3426ae79de
member	gamedata/soundclasses/araspy.tdf	data.hpi!gamedata/soundclasses/araspy.tdf	297	1c066305bb3479383d651d4490035c8d0d2243cb876f7dfc88ebccafd9ffa571
member	gamedata/soundclasses/arassh.tdf	data.hpi!gamedata/soundclasses/arassh.tdf	276	64176e91f698bb11aae1e123b6f2d15d63a0c14d0c7ff65b9402697194c6159a
member	gamedata/soundclasses/arasword.tdf	data.hpi!gamedata/soundclasses/arasword.tdf	303	46ba19504617a9818d44076b7c35c72042c8536841953fb2c560853dd98d38d7
member	gamedata/soundclasses/aratre.tdf	data.hpi!gamedata/soundclasses/aratre.tdf	255	fbaa7cada6acb9fcb07ef16511203093af22a1285748959f0dc7f72cd9235c70
member	gamedata/soundclasses/arawall.tdf	data.hpi!gamedata/soundclasses/arawall.tdf	256	53648a09e65df69b8e0bc492da0013a79f1d008bc7e549d74d4e9d809d2d39b7
member	gamedata/soundclasses/arawar.tdf	data.hpi!gamedata/soundclasses/arawar.tdf	297	e6897bfeb9e01b9bc1aa1559a490091126a21bd53cbdec8c6938457325de55dd
member	gamedata/soundclasses/balloon.tdf	data.hpi!gamedata/soundclasses/balloon.tdf	429	1cdeceb164c5bf2fd09290068493c9b64bd6330ae595e68ce9e99984d3814553
member	gamedata/soundclasses/bat.tdf	data.hpi!gamedata/soundclasses/bat.tdf	343	c7d014a3bc6880dcb838207fc6d9ae3bd48d7c623581b862a3841f19cd624d8c
member	gamedata/soundclasses/bird_beak.tdf	data.hpi!gamedata/soundclasses/bird_beak.tdf	352	232e10ccae176efffc513256edd62390837108f95d74c474b5b68d1775a1115f
member	gamedata/soundclasses/build_ara.tdf	data.hpi!gamedata/soundclasses/build_ara.tdf	375	656185c6d35cd008a87f834a004cf8ede0d0a448099a7d66256950473ffac44f
member	gamedata/soundclasses/build_tar1.tdf	data.hpi!gamedata/soundclasses/build_tar1.tdf	319	0c8448d5696a414c7903b8b3722c86a864e0696312f818d63a16e0c12a0ad257
member	gamedata/soundclasses/build_tar2.tdf	data.hpi!gamedata/soundclasses/build_tar2.tdf	319	467ea1fb2bb6c213a47ce536b86e5b2fe58088af3ef734045098999f3556ea1a
member	gamedata/soundclasses/build_tar3.tdf	data.hpi!gamedata/soundclasses/build_tar3.tdf	320	7db97dd876701ecff36bb04dcf1652f572e13a78df7c3a263e5e1ac9decbb324
member	gamedata/soundclasses/build_ver.tdf	data.hpi!gamedata/soundclasses/build_ver.tdf	413	81d353f3ebf36df60b56942f28e3e225497daff6c699454d29a2ed8c4ba26066
member	gamedata/soundclasses/creacad.tdf	IPData.hpi!gamedata/soundclasses/creacad.tdf	278	2e21a96a93734d143c3e84d6617cc25177678a0e66a52c500abf8d20749fa190
member	gamedata/soundclasses/creaeri.tdf	IPData.hpi!gamedata/soundclasses/creaeri.tdf	366	b5e7b9638fea75c282a457d443c406f62bb8df6128581f437bf2d07689b60e52
member	gamedata/soundclasses/creauto.tdf	IPData.hpi!gamedata/soundclasses/creauto.tdf	388	988930d573bd0b0a52701ea22dfbc5a66bbac6d080680df09a0ca43ea231f2e0
member	gamedata/soundclasses/crebarn.tdf	IPData.hpi!gamedata/soundclasses/crebarn.tdf	345	e2113d1f394f4baec70c78407cb3becbc6410336c9d6b732b039af55338822e1
member	gamedata/soundclasses/crebeas.tdf	IPData.hpi!gamedata/soundclasses/crebeas.tdf	388	de1598f92b47d37b4ddafb8ddcaf61ecd0ad2afcb2115d988f8e322c522d0b05
member	gamedata/soundclasses/crebomb.tdf	IPData.hpi!gamedata/soundclasses/crebomb.tdf	256	394128a3bf173ea081a82992beefce15add6160c1331b1293a42729b7faf081b
member	gamedata/soundclasses/crechie.tdf	IPData.hpi!gamedata/soundclasses/crechie.tdf	388	ccc2aa07c7808e56054102459e2951395886ee41cc57a2ddcf952e44a0ffcaa9
member	gamedata/soundclasses/credrag.tdf	IPData.hpi!gamedata/soundclasses/credrag.tdf	366	810f840e73601a1fd6b631a0b44b81eabc7613ee3d4fa5dec5dbcaefc82a38bf
member	gamedata/soundclasses/crefire.tdf	IPData.hpi!gamedata/soundclasses/crefire.tdf	344	5b04ab4d420dbfebbb23d2e2118ef23a61dfca5415d3c08d67469ca54d5c7071
member	gamedata/soundclasses/cregate.tdf	IPData.hpi!gamedata/soundclasses/cregate.tdf	256	ea06bb4befc29aaf1ce7298cc275f8dce24f6b44f10b83ecd71b1b36cee718f5
member	gamedata/soundclasses/cregatl.tdf	IPData.hpi!gamedata/soundclasses/cregatl.tdf	256	a1a5895c243549fff2fca7471bb718f28981b037f42fbeaff90cfee0bd552aa4
member	gamedata/soundclasses/cregod.tdf	IPData.hpi!gamedata/soundclasses/cregod.tdf	381	0e3ff16b9b26eb58eb30379e61ddbbd4b74667ca78e4f1d957850dd7f02f99b9
member	gamedata/soundclasses/creiron.tdf	IPData.hpi!gamedata/soundclasses/creiron.tdf	366	b6ba4fa6729c46ad98a975acb8d6c1900c748ea98fd2526aeb0fe07b932fec1d
member	gamedata/soundclasses/crelode.tdf	IPData.hpi!gamedata/soundclasses/crelode.tdf	278	953aa309eb9f7d331cab6909f1676b3446c650a7052496873828c3bdf773c6d0
member	gamedata/soundclasses/cremana.tdf	IPData.hpi!gamedata/soundclasses/cremana.tdf	278	847beb795a7b5a4740976f25b8c80f728f120b6ecedcb95565e4964cd96efbf0
member	gamedata/soundclasses/cremech.tdf	IPData.hpi!gamedata/soundclasses/cremech.tdf	388	eaec6d39058d2d31e4491b11624fa6da84569d8ec25bb00dcf0c77b70c0dd382
member	gamedata/soundclasses/crenavy.tdf	IPData.hpi!gamedata/soundclasses/crenavy.tdf	278	bc688d57f16a3b36c958bd6276ae906a8c1ef6943a7a8831629fa899e6e2a672
member	gamedata/soundclasses/crepris.tdf	IPData.hpi!gamedata/soundclasses/crepris.tdf	256	f8e17283a4cc33ddda88d8b33af7e6443543745e697ecea913b62b8386b5a53c
member	gamedata/soundclasses/cresage.tdf	IPData.hpi!gamedata/soundclasses/cresage.tdf	256	960e5589f5fcc370d14caba8571bbdec8a7403930ad1db43c114570d545719ea
member	gamedata/soundclasses/creshoc.tdf	IPData.hpi!gamedata/soundclasses/creshoc.tdf	388	9bb7e1ded93b84c024074b3213d6c93f466b26d06ae00b4dcc92400f29f3fe1b
member	gamedata/soundclasses/cresmit.tdf	IPData.hpi!gamedata/soundclasses/cresmit.tdf	278	ee18f0c35dcac502bf1e506df6459d154eae778e3d648cbad4a89d80076fdfd1
member	gamedata/soundclasses/crester.tdf	IPData.hpi!gamedata/soundclasses/crester.tdf	388	0f8895a1a606412ccb3c45bf07d1d221ff60ce42c7605df298658a987d808bfb
member	gamedata/soundclasses/cresubm.tdf	IPData.hpi!gamedata/soundclasses/cresubm.tdf	322	e723ac6bfa6a908166c48511c1a009f3c0327b74589e05268c80e0b421908f99
member	gamedata/soundclasses/cretort.tdf	IPData.hpi!gamedata/soundclasses/cretort.tdf	344	6cb6aef4c63d26d4c7e92a85bfb8df70716af5216aaec3de06290c0c6f0f550d
member	gamedata/soundclasses/crewall.tdf	IPData.hpi!gamedata/soundclasses/crewall.tdf	256	f9f1590a4e4613db50cc74b728ba28a65f8789abdf324dbad6d5ac58565f2486
member	gamedata/soundclasses/dir.txt	data.hpi!gamedata/soundclasses/dir.txt	10381	fdaff4ae824f53de98ba567a110aa868c9a14d8e9397df00975cd9b5e6f4c4f1
member	gamedata/soundclasses/drag_aramon.tdf	data.hpi!gamedata/soundclasses/drag_aramon.tdf	379	56ad79364d0bf2899e7cac422dca38f4bf1826096ca05d4a80c367029264c933
member	gamedata/soundclasses/drag_taros.tdf	data.hpi!gamedata/soundclasses/drag_taros.tdf	359	1305b798a5d3a285f14f5967e9ab9090ea17d444034757f304b502066821e026
member	gamedata/soundclasses/drag_veruna.tdf	data.hpi!gamedata/soundclasses/drag_veruna.tdf	361	30c69d4be6bb602b64b12e673cc760f2467ecf44f47a0eaf2e0bc362b5e59908
member	gamedata/soundclasses/drag_zhon.tdf	data.hpi!gamedata/soundclasses/drag_zhon.tdf	352	306b90e3e106b53594f2bb9f562e07ce1370ec948d6c69a0e48ae721bfa37644
member	gamedata/soundclasses/dragwyvern.tdf	data.hpi!gamedata/soundclasses/dragwyvern.tdf	356	8179e67424173047295d387c2d7e8172f712db76decba2052464277e6d88aca2
member	gamedata/soundclasses/fire_sacred.tdf	data.hpi!gamedata/soundclasses/fire_sacred.tdf	332	5a2cc7536925ff36598b5b5950b36571077c8511474fa93b5aaf407b53b08738
member	gamedata/soundclasses/giant.tdf	data.hpi!gamedata/soundclasses/giant.tdf	345	38a56a621b797449293f01cd9ce40033ead271f0a326a00aeb3e3b1cffd23a62
member	gamedata/soundclasses/god_aramon.tdf	data.hpi!gamedata/soundclasses/god_aramon.tdf	275	eca2fa3b410dec03074c49f18102da72a63b75cabe7ce479e8abebe8e81c22f4
member	gamedata/soundclasses/growl2.tdf	data.hpi!gamedata/soundclasses/growl2.tdf	354	b2a223989ff45e91b2427c6fafc3369f9eed330d339bca9b6059695571072a3f
member	gamedata/soundclasses/growl3.tdf	data.hpi!gamedata/soundclasses/growl3.tdf	355	d5596d73c02fecfffd98e9ebc2695e19734ef9a2edf570cb0bcfc9827c93ad25
member	gamedata/soundclasses/hawk.tdf	data.hpi!gamedata/soundclasses/hawk.tdf	443	d61efcc477a9cde351bc1e8f364cb0e1fdea56aa749abd2699be905fd5f01b4e
member	gamedata/soundclasses/insect.tdf	data.hpi!gamedata/soundclasses/insect.tdf	347	2e38c4a3ea210fd1fa558652fdc0f8c22efe1d3c0c6986a2ec3257e064059c11
member	gamedata/soundclasses/jersey.tdf	data.hpi!gamedata/soundclasses/jersey.tdf	289	0dbee863849a8e7685540762918176b5869bcec46f5cfbc5f2a8ce2f5b04be7f
member	gamedata/soundclasses/joe_test.tdf	data.hpi!gamedata/soundclasses/joe_test.tdf	257	2a550f17aa4bc80cae4aee5eaadce32eb7ed81095a1ab0fb808da8ee722d0ae9
member	gamedata/soundclasses/lifbird.tdf	data.hpi!gamedata/soundclasses/lifbird.tdf	256	2ca675c2df01b862a1f5963f7575e226d0c1b141040662b3c34de130b9ec787e
member	gamedata/soundclasses/lifcow.tdf	data.hpi!gamedata/soundclasses/lifcow.tdf	297	a657a7efccf04ea6fbb3492f8902e60f29e66c9df7b12ba2c01f192c8ada0944
member	gamedata/soundclasses/lifdeer.tdf	data.hpi!gamedata/soundclasses/lifdeer.tdf	256	02e8ec1bd7697239884bcba471bef2b11f7e25f236710d768f48c0dbe2b170d3
member	gamedata/soundclasses/lifsaber.tdf	data.hpi!gamedata/soundclasses/lifsaber.tdf	303	0eea70093ed8e3874e255e23398342ca36777d04b064318bc66841e84fb4fd71
member	gamedata/soundclasses/lifwolf.tdf	data.hpi!gamedata/soundclasses/lifwolf.tdf	300	1dea595160831a519e57a92614be85e79baf84ba98443f89303da79f9e4cc69f
member	gamedata/soundclasses/magetower.tdf	data.hpi!gamedata/soundclasses/magetower.tdf	298	6aaa95bc7de7c72f00417d3c63855234916b8a37d7f26fa1f6ac53561b51c38e
member	gamedata/soundclasses/monboar.tdf	data.hpi!gamedata/soundclasses/monboar.tdf	300	f3afea8b70a76d93fc3ae540e3644eb0ffb1b2048e384d29a3959ff409e00bfd
member	gamedata/soundclasses/mondev.tdf	data.hpi!gamedata/soundclasses/mondev.tdf	297	dd72d28afb7793d02c36bf337bfeb21f993a8d3989bddd863c7cf40353d2b0ea
member	gamedata/soundclasses/monelem.tdf	IPData.hpi!gamedata/soundclasses/monelem.tdf	300	b596134971720b81e36178a6311a119abead1fc977ae3a57f42fbf38b9673b4a
member	gamedata/soundclasses/monghoul.tdf	data.hpi!gamedata/soundclasses/monghoul.tdf	303	a8fc25df0ca8dea565669e1deb7216def4539ea75c96df5f3941d612b8711a1d
member	gamedata/soundclasses/monmum.tdf	IPData.hpi!gamedata/soundclasses/monmum.tdf	297	b79c7cd34c0100a8adaad630abfc49a008dc25c7114ee3e3d20b445782dc16c1
member	gamedata/soundclasses/monpiran.tdf	data.hpi!gamedata/soundclasses/monpiran.tdf	303	1376b5bb19e91f8b989b58995e022cff84461a8581a44342bc58c42b1400ddd2
member	gamedata/soundclasses/npcalch.tdf	data.hpi!gamedata/soundclasses/npcalch.tdf	256	a46b82ed7dd4b0776582f5e8d74ddfb489c7e905677e611ad6bbc739cda6f49d
member	gamedata/soundclasses/npcayla.tdf	data.hpi!gamedata/soundclasses/npcayla.tdf	256	6396a8be440a3907f87de8e9deccdc07c541f96d2b2331f99d43ae7643228e62
member	gamedata/soundclasses/npcbeg.tdf	data.hpi!gamedata/soundclasses/npcbeg.tdf	255	427f3a3904ac9fd37355ecfdd329b879e203421136ba4590d2ce7952c2b011cd
member	gamedata/soundclasses/npcbotl.tdf	data.hpi!gamedata/soundclasses/npcbotl.tdf	256	df28779d14fc88aa30f4bb7e9f9a739f540c924aa1710d83ab0583651b8525f1
member	gamedata/soundclasses/npcburi.tdf	data.hpi!gamedata/soundclasses/npcburi.tdf	256	ccab70070d483d8519cbdd8614b4504bfb4097a0ceb2bfd9baefd5c9febb78ae
member	gamedata/soundclasses/npcdern.tdf	data.hpi!gamedata/soundclasses/npcdern.tdf	256	25389fe82623838c31d2ca98608b44e85dbdce1d6f5f587e3c5afc2ae981c1b8
member	gamedata/soundclasses/npcduma.tdf	data.hpi!gamedata/soundclasses/npcduma.tdf	256	358454e2af4d6832d536ade72ba15a2563c5378bb1d4fb3ad55d894f88d998d1
member	gamedata/soundclasses/npcemen.tdf	data.hpi!gamedata/soundclasses/npcemen.tdf	256	15d1daffb1e0791077279fbd64801a7c2690a72130771f797784a41c4a68ef92
member	gamedata/soundclasses/npcfarm.tdf	data.hpi!gamedata/soundclasses/npcfarm.tdf	256	3f623bb1688235526608450adb7b9ae97ac0425797d219f62300502a9db91df2
member	gamedata/soundclasses/npcflag.tdf	data.hpi!gamedata/soundclasses/npcflag.tdf	256	4fb883f11d65726a4e6b796a422ed121e3d1fd9c9b00f28fba47dce9289fb6b6
member	gamedata/soundclasses/npchecket.tdf	data.hpi!gamedata/soundclasses/npchecket.tdf	258	37a3e831093e8e291cb224cca6a6ffe5281650ff3fc3b521c50e54d52d70daa3
member	gamedata/soundclasses/npchunt.tdf	data.hpi!gamedata/soundclasses/npchunt.tdf	256	878937f8d6ccdc9a6f16408f835e1d0399db419fa5a1df351e17e508ef459339
member	gamedata/soundclasses/npcjor.tdf	data.hpi!gamedata/soundclasses/npcjor.tdf	255	2011a22f3a720029b1aa0c9b1e0e7f03fc03dc95deb8723164616fa92260d1f3
member	gamedata/soundclasses/npcleim.tdf	data.hpi!gamedata/soundclasses/npcleim.tdf	256	07fc87a5e5bc27bc925b79a6d0d7cda0863c5312f99fdfaa63b04e4dacb67c3e
member	gamedata/soundclasses/npcpeas.tdf	data.hpi!gamedata/soundclasses/npcpeas.tdf	256	12542b6194f95baa2e02d729be995e985955bb8e25ed0c7265da3ac01f200142
member	gamedata/soundclasses/npcpow.tdf	data.hpi!gamedata/soundclasses/npcpow.tdf	255	fce57f72c3d1c4a0083c0161255a794ed09e616523b5a53d26f55fb8aa4ae7a5
member	gamedata/soundclasses/npcref.tdf	data.hpi!gamedata/soundclasses/npcref.tdf	255	25f545228a4d95bdf1c8595f6f6b3467af02296ecc33e2f976abf78040db6a69
member	gamedata/soundclasses/npcrixx.tdf	data.hpi!gamedata/soundclasses/npcrixx.tdf	256	426162b074ab4ca79c0e9b301c30687ea3e2c51d808b1a8a39e031060a17c6aa
member	gamedata/soundclasses/npcsail.tdf	data.hpi!gamedata/soundclasses/npcsail.tdf	256	a7619782097ac669eec61f9756cc76e728d73c209692866ee3c0af2b26a8c82f
member	gamedata/soundclasses/npcshop.tdf	data.hpi!gamedata/soundclasses/npcshop.tdf	256	0fae5f91f0ed4400b56e625c6e9b3c16268d19276d8a2dd2ec60791717931598
member	gamedata/soundclasses/npctemp.tdf	data.hpi!gamedata/soundclasses/npctemp.tdf	256	f6c840add9d00e5344073c89477dac9251a7d8d9c9775d5c9bdc93b19f336449
member	gamedata/soundclasses/npctribe.tdf	data.hpi!gamedata/soundclasses/npctribe.tdf	257	092863c98b26a7b19ee9793a7eb919f3e85f68b8597e390387491bcd3547dab2
member	gamedata/soundclasses/npcwagon.tdf	data.hpi!gamedata/soundclasses/npcwagon.tdf	257	da34c358ee2a13b1c528513c15ba3b789d0509c60d9d2d637c828753f59eba06
member	gamedata/soundclasses/roar.tdf	data.hpi!gamedata/soundclasses/roar.tdf	350	2d61fd85f3777bbd62b231fcd07998ac9cd5aa89525ce2332d5bb531556841c6
member	gamedata/soundclasses/ship_evil.tdf	data.hpi!gamedata/soundclasses/ship_evil.tdf	582	e6bd5d73228c9825b2b7cbdd2b832926711cf75e6eda8e36d3bf35feb5aaf664
member	gamedata/soundclasses/ship_good.tdf	data.hpi!gamedata/soundclasses/ship_good.tdf	1716	3b335597ab0b4864ebf899c09eb0aadabc8abc8318f62e3b03e8bd44a9f97ecc
member	gamedata/soundclasses/ship_sailor.tdf	data.hpi!gamedata/soundclasses/ship_sailor.tdf	1339	61a9df88280ca19e5a858449b2e072e40e8967a2802791608eb4c52a4ba5b12e
member	gamedata/soundclasses/siege.tdf	data.hpi!gamedata/soundclasses/siege.tdf	370	c34f4a564853a35e6b895da0fe412896395ad3ff11976318e34e6cf7bce294bd
member	gamedata/soundclasses/skeleton.tdf	data.hpi!gamedata/soundclasses/skeleton.tdf	351	d38b6a7a9d5e70167e069f0cd0794d195459ff28ac442e8329d558d71eba79d6
member	gamedata/soundclasses/squak.tdf	data.hpi!gamedata/soundclasses/squak.tdf	348	1ed56a42a1680bd5460daac3c82e9858db20c9f7e8a348492e49d1a6c1acb005
member	gamedata/soundclasses/swim_big.tdf	data.hpi!gamedata/soundclasses/swim_big.tdf	430	8a8d5813145eab869ce6619927ff9658b0ed3e950303bfb16d9938de63141451
member	gamedata/soundclasses/tararch.tdf	data.hpi!gamedata/soundclasses/tararch.tdf	300	4c0ab6e91d5376f166c8b06d2befae3c42e4979403557658056b71593a808a22
member	gamedata/soundclasses/tarbeak.tdf	data.hpi!gamedata/soundclasses/tarbeak.tdf	300	3bc751f8faf7ebb53b27b9bea56e94c0c1732b8baed2e5522a5148b33aa34021
member	gamedata/soundclasses/tarblack.tdf	data.hpi!gamedata/soundclasses/tarblack.tdf	303	393cf448618e1a5aa04925da005a31419d92e2a26b89f854d7fc4cff75da2202
member	gamedata/soundclasses/tarcage.tdf	data.hpi!gamedata/soundclasses/tarcage.tdf	278	3c38dfda8d1c17e4a3f58df446cfe627ff18a3e781c4e96f6228a9c52ca1be97
member	gamedata/soundclasses/tarcastl.tdf	data.hpi!gamedata/soundclasses/tarcastl.tdf	280	b3787e61834d8da96298ea564f74ffa2bd2a4fe8c9f277d134dcddd59d08c089
member	gamedata/soundclasses/tarcship.tdf	IPData.hpi!gamedata/soundclasses/tarcship.tdf	303	bb35b8c09d77954238d85a231fd5302358d8c527f712fd0173ee6a2f57b53c1d
member	gamedata/soundclasses/tardemon.tdf	data.hpi!gamedata/soundclasses/tardemon.tdf	303	c13da0ecb61191fef02d0cddc4a11d3ff0395e0a8d20fdb21d7b54a794ae63bb
member	gamedata/soundclasses/tardrag.tdf	data.hpi!gamedata/soundclasses/tardrag.tdf	300	4a58ff0d86721611e9aef89ec7c7d1ff464fee73e740134e38c379a742b1d045
member	gamedata/soundclasses/tardung.tdf	data.hpi!gamedata/soundclasses/tardung.tdf	278	620a43ea6e205c429bc61eeef0e25c823eb48a4fd75b951d3b588dc147ef4b0d
member	gamedata/soundclasses/tarfire.tdf	data.hpi!gamedata/soundclasses/tarfire.tdf	300	217f7570b8c3bc39accc348687111081a060a755474b6dce887e1526276f1e0c
member	gamedata/soundclasses/targarg.tdf	data.hpi!gamedata/soundclasses/targarg.tdf	300	3c32194d7f2692aeb612528b211f03873675cbf3ba035ba0f0c6cbaeb974c399
member	gamedata/soundclasses/targod.tdf	data.hpi!gamedata/soundclasses/targod.tdf	297	aba53986f7735442c314c31d9af69a3d615f6d9eb621b7d02a00f169c6bdb0ae
member	gamedata/soundclasses/tarhel.tdf	IPData.hpi!gamedata/soundclasses/tarhel.tdf	255	b9a82e3c92ad03a4e9adda64c98c2d067c98a48eb634ec6e56a46e0b0bb7daf2
member	gamedata/soundclasses/tarhell.tdf	data.hpi!gamedata/soundclasses/tarhell.tdf	278	e0294573c6594e35b9651a33b914a9f1d9e6f5cd91774bf51092c85ccfc08724
member	gamedata/soundclasses/tarknigh.tdf	data.hpi!gamedata/soundclasses/tarknigh.tdf	303	039659910e0999c56129e0ef693d257932901740b0a6649b0efb44370f1804c5
member	gamedata/soundclasses/tarlich.tdf	data.hpi!gamedata/soundclasses/tarlich.tdf	300	98fe9c1e4563f74e6d9c2299b8532fe15155e37f4dbde4d8dd7116d32eb5bcfe
member	gamedata/soundclasses/tarlode.tdf	data.hpi!gamedata/soundclasses/tarlode.tdf	256	d0c7097d666ddd75e3dd003988b1d35e7ab42bc2151e9de490c7d9b70d32ec07
member	gamedata/soundclasses/tarmage.tdf	data.hpi!gamedata/soundclasses/tarmage.tdf	300	74026cb52ee2d520b0b00e323fef4961eddd64468d1c29eace88f224ca70eec9
member	gamedata/soundclasses/tarmana.tdf	data.hpi!gamedata/soundclasses/tarmana.tdf	256	b142ef966ea72832b8de2ece067606b677e547fdc8bfcc28f1416693eebb542b
member	gamedata/soundclasses/tarmind.tdf	data.hpi!gamedata/soundclasses/tarmind.tdf	300	747d3c824ca8096badb8e45f3b1e36cf9cc392eb8e2318d011a3921dba974307
member	gamedata/soundclasses/tarnecro.tdf	data.hpi!gamedata/soundclasses/tarnecro.tdf	257	5937277e68e2d9d5428375efbe8593a4825fd27b3476f2f1e22af76cdf107866
member	gamedata/soundclasses/tarngate.tdf	data.hpi!gamedata/soundclasses/tarngate.tdf	257	b1d574d4071d4d616d4784f52bf9911dc0d71d8308d5bbd84aabe89daef7362e
member	gamedata/soundclasses/tarpries.tdf	data.hpi!gamedata/soundclasses/tarpries.tdf	303	d5e3752d252d84aa3135c99e00b4916d446e25d72b96f9aa7e438738e827a51d
member	gamedata/soundclasses/tarsh.tdf	data.hpi!gamedata/soundclasses/tarsh.tdf	274	9dc732283298c3be992b7bac85890b93e40a670e6a5c31b98412c1a482b05e6a
member	gamedata/soundclasses/tarship.tdf	data.hpi!gamedata/soundclasses/tarship.tdf	300	8caac463d64345d52ef07c9d8ecc3db61a54c324c4e15b462cfabd015fd59905
member	gamedata/soundclasses/tarspout.tdf	data.hpi!gamedata/soundclasses/tarspout.tdf	303	b0631c92ea3bdb58f5728a487f67e09a6f75966a386e5ed977d91daa62f2240b
member	gamedata/soundclasses/tartb.tdf	data.hpi!gamedata/soundclasses/tartb.tdf	294	26897167bdab7553a580a9f4a736ad1ca42b39d86ccd50ef83a0c228041187d1
member	gamedata/soundclasses/tartroop.tdf	data.hpi!gamedata/soundclasses/tartroop.tdf	303	3077312456fad7bd36aaeefc04ec8bab7044ea219668a8b907d1bcd434d68523
member	gamedata/soundclasses/tarwall.tdf	data.hpi!gamedata/soundclasses/tarwall.tdf	256	19829cd8de9408b3e24c9b915c22b51446d2c7863ca6466a47f648a37d38a5d5
member	gamedata/soundclasses/tarwitch.tdf	data.hpi!gamedata/soundclasses/tarwitch.tdf	303	ea523767953cc76dc50167b3fa01be75ecaff84adfccee9283664e7148c45682
member	gamedata/soundclasses/tarzom.tdf	data.hpi!gamedata/soundclasses/tarzom.tdf	297	6bd26876f5a8bdeddf18bf9305346214bc1e6277be153459081f23e49f2df056
member	gamedata/soundclasses/undead.tdf	data.hpi!gamedata/soundclasses/undead.tdf	637	3bcc0ed0e12f8d1f498a166b82482b89b6b273161054a1c9ff86d996f353892a
member	gamedata/soundclasses/unit_default.tdf	data.hpi!gamedata/soundclasses/unit_default.tdf	257	c048d41c12d25e317a3c984c460616a3192e13df6f0e4bcbf2ab5bdcdd91dff7
member	gamedata/soundclasses/verarch.tdf	data.hpi!gamedata/soundclasses/verarch.tdf	300	e08bca92ea91a88323355863dd212fd20821cadb5aae28821073a82a7af34b73
member	gamedata/soundclasses/verasy.tdf	data.hpi!gamedata/soundclasses/verasy.tdf	276	6a0f5171cc21b452a62ba2d2f2728b26edf5026609c96029944ffeb6c7bf92c8
member	gamedata/soundclasses/verat.tdf	data.hpi!gamedata/soundclasses/verat.tdf	274	dff60aadc5e84dd141251f7f4443d27092407b510aaa6bf1e961beb76ac555c3
member	gamedata/soundclasses/verball.tdf	data.hpi!gamedata/soundclasses/verball.tdf	278	8f85a6f9b35bfa3e27e128c14c1f23bde6ca4501e42d433fa35608afeaecce06
member	gamedata/soundclasses/verbers.tdf	data.hpi!gamedata/soundclasses/verbers.tdf	300	a26d141dd02f7bd2d0d4fb2b06039f463d04a63a47c87e658243f052ca8da029
member	gamedata/soundclasses/vercastl.tdf	data.hpi!gamedata/soundclasses/vercastl.tdf	280	0c585417ac07e036cf65eeb17e41e59c9715c53788f0c3e3de659be3863846bf
member	gamedata/soundclasses/vercrus.tdf	data.hpi!gamedata/soundclasses/vercrus.tdf	300	b29dfed49e26a0c963dab022f95ac4b1e4e6539d6d55e14acc1fb8b22f81e637
member	gamedata/soundclasses/verdrag.tdf	data.hpi!gamedata/soundclasses/verdrag.tdf	300	df287adbf869bc8f77b613db6757c2d2c5d7b3447930d69732d6d573608bf2c0
member	gamedata/soundclasses/verflag.tdf	data.hpi!gamedata/soundclasses/verflag.tdf	300	f5aa3fc2cc08845538bf0b44c9bff54e17d8f4c98f820c6fe2281179fbedad2b
member	gamedata/soundclasses/verfltwr.tdf	data.hpi!gamedata/soundclasses/verfltwr.tdf	257	e514c54aebd927395804332aeb7c490877d9915b8433dc2765ce6615b54d7533
member	gamedata/soundclasses/vergod.tdf	data.hpi!gamedata/soundclasses/vergod.tdf	297	0863b35c83d69d14dd435adeaada4072abbcac895620332012f6fcb3095a097b
member	gamedata/soundclasses/verharp.tdf	data.hpi!gamedata/soundclasses/verharp.tdf	300	7a271c2a4a06c9e36c2af62fd79eb3b50b8867bee403c2bac2d2ef6e1e1ee2c3
member	gamedata/soundclasses/verkeep.tdf	data.hpi!gamedata/soundclasses/verkeep.tdf	278	9855f821f431f7a905b2f4edc7f38c4b924ee2b917a41fc84c027244acce0c72
member	gamedata/soundclasses/verknigh.tdf	data.hpi!gamedata/soundclasses/verknigh.tdf	303	1e50e93bd17861473d387721347e5dae03900f123bf6e9782bf41449f7ff4967
member	gamedata/soundclasses/verliege.tdf	data.hpi!gamedata/soundclasses/verliege.tdf	303	b9e4dfdff1ff06efdd1d6373a2d7b1598a91c31b1a5f4978011bb68f032a1b88
member	gamedata/soundclasses/verlihr.tdf	data.hpi!gamedata/soundclasses/verlihr.tdf	300	58eae4cc97fc9b6948ed3ce5ab89c37bc90bc10a2c745934824f32e88f33ebf0
member	gamedata/soundclasses/verlode.tdf	data.hpi!gamedata/soundclasses/verlode.tdf	256	824ef0af4486f01762e4f634db462106390a71e064e8e33626d50a440757a952
member	gamedata/soundclasses/vermage.tdf	data.hpi!gamedata/soundclasses/vermage.tdf	256	304592920c0abc7b0b81d7666eea1c0eb6bcd7992724d51147bd65717f998905
member	gamedata/soundclasses/verman.tdf	data.hpi!gamedata/soundclasses/verman.tdf	297	2ae0775b43d5203498f5b67d0e77293d84bc75ea23b57bba9906a633e541aa84
member	gamedata/soundclasses/vermana.tdf	data.hpi!gamedata/soundclasses/vermana.tdf	256	9c91c09e197ab1a5df4c9f3ee70aa7f8e3cf0ad018954b29af251a1b1313879e
member	gamedata/soundclasses/vermort.tdf	data.hpi!gamedata/soundclasses/vermort.tdf	278	ea5b7e60fb60eb931314ccf6e272323bbc53de5770cd453ac361315a8a17b1ed
member	gamedata/soundclasses/vermusk.tdf	data.hpi!gamedata/soundclasses/vermusk.tdf	300	c3dbc896f09b18e20892f9407f800f33a6fa980d7371efbdd3c0070b2e0bc59c
member	gamedata/soundclasses/verngate.tdf	data.hpi!gamedata/soundclasses/verngate.tdf	257	398c08b2b1b6455db6792f6f43bb646194331016e120031792d2879410c3c99e
member	gamedata/soundclasses/verpar.tdf	data.hpi!gamedata/soundclasses/verpar.tdf	297	32ee09aacdcc7113aa16a41d4c9e45c278706a6eaa96797c29e96b800813b9af
member	gamedata/soundclasses/verpill.tdf	data.hpi!gamedata/soundclasses/verpill.tdf	256	8d356611da27e009204262f90eae9b14ff4b88f8a682dcffab2b119008eab5bf
member	gamedata/soundclasses/verpult.tdf	data.hpi!gamedata/soundclasses/verpult.tdf	300	847043f3f0c4f4b7125d0f1dec8096f7566773d4c08a0bc8ec978a985123bc6f
member	gamedata/soundclasses/verscout.tdf	data.hpi!gamedata/soundclasses/verscout.tdf	303	3ac7362b5b3b3d22acf58e2e66b679784cdab4a541066ba343d29ebf872acba7
member	gamedata/soundclasses/versword.tdf	data.hpi!gamedata/soundclasses/versword.tdf	303	69fae1ea52d78fbfe1ac9f3250c759faa86417345397d9e1771cea6c393e4316
member	gamedata/soundclasses/vertower.tdf	data.hpi!gamedata/soundclasses/vertower.tdf	280	efea56f0ad9e9263c321432ce6a8637de532101f7bccdeb61cf452d22198d8ca
member	gamedata/soundclasses/vertrans.tdf	data.hpi!gamedata/soundclasses/vertrans.tdf	303	214dca3eb8be7074cef97ed4b2a8418a5949c44134e5119ed7ef55aee71e6f56
member	gamedata/soundclasses/vertre.tdf	data.hpi!gamedata/soundclasses/vertre.tdf	297	d84ffaf0f5aa384920d44709aaadffb1f0141d3916e600837f373eeb72325b59
member	gamedata/soundclasses/vssver.scc	data.hpi!gamedata/soundclasses/vssver.scc	48	2e35b271cdb290ccd733a6ae21cf83efb59b24df530a31392f2746a6886ed6c3
member	gamedata/soundclasses/zonbasil.tdf	data.hpi!gamedata/soundclasses/zonbasil.tdf	303	483ee1ba69583757f33571d072014ca7221e0d13fc82229fac515702f85d60ae
member	gamedata/soundclasses/zonbat.tdf	data.hpi!gamedata/soundclasses/zonbat.tdf	297	62a01ccfabbe77a2c0d8efd4f5ac4a472d01f12dd98d56b4e243fc0a3f0120e4
member	gamedata/soundclasses/zondrag.tdf	data.hpi!gamedata/soundclasses/zondrag.tdf	300	04b047359c3b564dca311d5733ee66fadecac62b676e2a0770d036f70ad6c249
member	gamedata/soundclasses/zondrake.tdf	data.hpi!gamedata/soundclasses/zondrake.tdf	303	8d49347097bf936bf56bc07656f7ff7cbd2ac74783f86e0775add3e031732949
member	gamedata/soundclasses/zonfire.tdf	data.hpi!gamedata/soundclasses/zonfire.tdf	256	a4ef19e9c4cd38b758272849374e7218ff666e358860c8b0852cd97f7bd42207
member	gamedata/soundclasses/zonflies.tdf	data.hpi!gamedata/soundclasses/zonflies.tdf	299	f90c8b0276fc78de0d1aaf1144fde33a0e2eff254e7171648c3813b8372d47a9
member	gamedata/soundclasses/zongiant.tdf	data.hpi!gamedata/soundclasses/zongiant.tdf	303	c1043d544d330a51349db1f8aeaea3d8373984f17a216f98d0f92a80c65df7c1
member	gamedata/soundclasses/zonglyph.tdf	data.hpi!gamedata/soundclasses/zonglyph.tdf	257	27aa3477c3a0662869fd0e90a3a684537db8da0c4c1937a3eb8d93a2a0bba0c4
member	gamedata/soundclasses/zongob.tdf	data.hpi!gamedata/soundclasses/zongob.tdf	297	743880c1ce08d814bd923ab489a79ba41e6b7e8e874af7e1f98bc77ab52f096c
member	gamedata/soundclasses/zongod.tdf	data.hpi!gamedata/soundclasses/zongod.tdf	297	42c112838283fcc614ba0357f181c0fbbf948aeb8805ffbfe84da63d8d6668fd
member	gamedata/soundclasses/zongryp.tdf	data.hpi!gamedata/soundclasses/zongryp.tdf	300	5a15fb8575b740257b5eaa71325c66451bc42e6e57d1ac29c2a961e252157815
member	gamedata/soundclasses/zonhand.tdf	data.hpi!gamedata/soundclasses/zonhand.tdf	300	2a1b2f070081b4cdd351d1df9a6a162e54072ca79b736c563633b399345696d6
member	gamedata/soundclasses/zonharp.tdf	data.hpi!gamedata/soundclasses/zonharp.tdf	300	ef63ec2f5852fc0ecc559aa68aac2852df664795a4c49ce66c25da711e88ddc5
member	gamedata/soundclasses/zonhunt.tdf	data.hpi!gamedata/soundclasses/zonhunt.tdf	256	039520f72bd69709a5ee46197b389bf8c2ced72d6267def218d49f3efd0f34d3
member	gamedata/soundclasses/zonhurt.tdf	data.hpi!gamedata/soundclasses/zonhurt.tdf	256	768da98f91186aafcc1e3ad2c6ee280f40154513d02ac65f4694f613da6c7a23
member	gamedata/soundclasses/zonkrak.tdf	data.hpi!gamedata/soundclasses/zonkrak.tdf	300	e5abcd0be05007ad04d74c8b4ad1df4b7d6236a2e6d3df24c9658d234b07cc7e
member	gamedata/soundclasses/zonlode.tdf	data.hpi!gamedata/soundclasses/zonlode.tdf	256	407d553c5ff78dc5f7b2172e1e2de2d20fb11b212cf2922e78370ddd59e2a58d
member	gamedata/soundclasses/zonlord.tdf	data.hpi!gamedata/soundclasses/zonlord.tdf	300	0380cda7307fccaee619f5ab77a467ea195236336c1dc0d480b3323e4cda073c
member	gamedata/soundclasses/zonmana.tdf	data.hpi!gamedata/soundclasses/zonmana.tdf	256	602d63946cf9dec0a35fa2ccb0d0cd445af9f034180d2c4e456f3389a1ec13c8
member	gamedata/soundclasses/zonorc.tdf	data.hpi!gamedata/soundclasses/zonorc.tdf	297	19e8f6efc7630cdd4bba5c5c947e9c488fdafcdb672da0a7f86969ac6ba69b9e
member	gamedata/soundclasses/zonroc.tdf	data.hpi!gamedata/soundclasses/zonroc.tdf	297	ca20a5ba04395a5f0b99f13037bfac57ab1b71f7be24d9a58221492e85bc8dee
member	gamedata/soundclasses/zonsham.tdf	data.hpi!gamedata/soundclasses/zonsham.tdf	300	04f8607ef9495a151c3105454fb8df9cdbf20823d5b8af94f958a7ede1bb8731
member	gamedata/soundclasses/zonspide.tdf	IPData.hpi!gamedata/soundclasses/zonspide.tdf	280	cda92fb03a136e7c8aeb73c15e2d8bdef2991fac6a287d573c11a7e133c9be5b
member	gamedata/soundclasses/zonter.tdf	data.hpi!gamedata/soundclasses/zonter.tdf	297	daf640ef724a3f9971b98ac41a83ce7f9ef4209681b04eae83dcfed9137572a1
member	gamedata/soundclasses/zontrain.tdf	data.hpi!gamedata/soundclasses/zontrain.tdf	303	c061bc02b63a50e594f697b977360e4cea25f7998e292d50e95b5bd381500aaf
member	gamedata/soundclasses/zontroll.tdf	data.hpi!gamedata/soundclasses/zontroll.tdf	303	ee3738608d3e9eb2837cb84b9168fa7e326b98c74a53d090a503f1e6e48dd4d0
